date,flow,Temperature,Precipitation,soilw
1989-01-01 00:00:00+00:00,207.0,,,
1989-01-08 00:00:00+00:00,205.0,,,
1989-01-15 00:00:00+00:00,203.0,,,
1989-01-22 00:00:00+00:00,201.0,,,
1989-01-29 00:00:00+00:00,201.0,,,
1989-02-05 00:00:00+00:00,196.0,,,
1989-02-12 00:00:00+00:00,206.0,,,
1989-02-19 00:00:00+00:00,200.0,,,
1989-02-26 00:00:00+00:00,275.0,,,
1989-03-05 00:00:00+00:00,366.0,,,
1989-03-12 00:00:00+00:00,310.0,,,
1989-03-19 00:00:00+00:00,169.0,,,
1989-03-26 00:00:00+00:00,97.0,,,
1989-04-02 00:00:00+00:00,223.0,,,
1989-04-09 00:00:00+00:00,99.0,,,
1989-04-16 00:00:00+00:00,97.0,,,
1989-04-23 00:00:00+00:00,97.0,,,
1989-04-30 00:00:00+00:00,98.0,,,
1989-05-07 00:00:00+00:00,80.0,,,
1989-05-14 00:00:00+00:00,81.0,,,
1989-05-21 00:00:00+00:00,91.0,,,
1989-05-28 00:00:00+00:00,68.0,,,
1989-06-04 00:00:00+00:00,62.0,,,
1989-06-11 00:00:00+00:00,53.0,,,
1989-06-18 00:00:00+00:00,57.0,,,
1989-06-25 00:00:00+00:00,52.0,,,
1989-07-02 00:00:00+00:00,53.0,,,
1989-07-09 00:00:00+00:00,42.0,,,
1989-07-16 00:00:00+00:00,69.0,,,
1989-07-23 00:00:00+00:00,63.0,,,
1989-07-30 00:00:00+00:00,112.0,,,
1989-08-06 00:00:00+00:00,130.0,,,
1989-08-13 00:00:00+00:00,109.0,,,
1989-08-20 00:00:00+00:00,98.0,,,
1989-08-27 00:00:00+00:00,115.0,,,
1989-09-03 00:00:00+00:00,72.0,,,
1989-09-10 00:00:00+00:00,66.0,,,
1989-09-17 00:00:00+00:00,68.0,,,
1989-09-24 00:00:00+00:00,83.0,,,
1989-10-01 00:00:00+00:00,81.0,,,
1989-10-08 00:00:00+00:00,93.0,,,
1989-10-15 00:00:00+00:00,80.0,,,
1989-10-22 00:00:00+00:00,92.0,,,
1989-10-29 00:00:00+00:00,144.0,,,
1989-11-05 00:00:00+00:00,154.0,,,
1989-11-12 00:00:00+00:00,155.0,,,
1989-11-19 00:00:00+00:00,162.0,,,
1989-11-26 00:00:00+00:00,186.0,,,
1989-12-03 00:00:00+00:00,183.0,,,
1989-12-10 00:00:00+00:00,202.0,,,
1989-12-17 00:00:00+00:00,195.0,,,
1989-12-24 00:00:00+00:00,199.0,,,
1989-12-31 00:00:00+00:00,191.0,,,
1990-01-07 00:00:00+00:00,209.0,,,
1990-01-14 00:00:00+00:00,206.0,,,
1990-01-21 00:00:00+00:00,211.0,,,
1990-01-28 00:00:00+00:00,205.0,,,
1990-02-04 00:00:00+00:00,205.0,,,
1990-02-11 00:00:00+00:00,192.0,,,
1990-02-18 00:00:00+00:00,183.0,,,
1990-02-25 00:00:00+00:00,214.0,,,
1990-03-04 00:00:00+00:00,206.0,,,
1990-03-11 00:00:00+00:00,181.0,,,
1990-03-18 00:00:00+00:00,214.0,,,
1990-03-25 00:00:00+00:00,437.0,,,
1990-04-01 00:00:00+00:00,198.0,,,
1990-04-08 00:00:00+00:00,196.0,,,
1990-04-15 00:00:00+00:00,128.0,,,
1990-04-22 00:00:00+00:00,128.0,,,
1990-04-29 00:00:00+00:00,131.0,,,
1990-05-06 00:00:00+00:00,99.0,,,
1990-05-13 00:00:00+00:00,90.0,,,
1990-05-20 00:00:00+00:00,77.0,,,
1990-05-27 00:00:00+00:00,74.0,,,
1990-06-03 00:00:00+00:00,82.0,,,
1990-06-10 00:00:00+00:00,50.0,,,
1990-06-17 00:00:00+00:00,63.0,,,
1990-06-24 00:00:00+00:00,46.0,,,
1990-07-01 00:00:00+00:00,40.0,,,
1990-07-08 00:00:00+00:00,53.0,,,
1990-07-15 00:00:00+00:00,133.0,,,
1990-07-22 00:00:00+00:00,177.0,,,
1990-07-29 00:00:00+00:00,129.0,,,
1990-08-05 00:00:00+00:00,73.0,,,
1990-08-12 00:00:00+00:00,72.0,,,
1990-08-19 00:00:00+00:00,93.0,,,
1990-08-26 00:00:00+00:00,97.0,,,
1990-09-02 00:00:00+00:00,84.0,,,
1990-09-09 00:00:00+00:00,158.0,,,
1990-09-16 00:00:00+00:00,117.0,,,
1990-09-23 00:00:00+00:00,250.0,,,
1990-09-30 00:00:00+00:00,143.0,,,
1990-10-07 00:00:00+00:00,152.0,,,
1990-10-14 00:00:00+00:00,133.0,,,
1990-10-21 00:00:00+00:00,121.0,,,
1990-10-28 00:00:00+00:00,152.0,,,
1990-11-04 00:00:00+00:00,159.0,,,
1990-11-11 00:00:00+00:00,210.0,,,
1990-11-18 00:00:00+00:00,221.0,,,
1990-11-25 00:00:00+00:00,212.0,,,
1990-12-02 00:00:00+00:00,197.0,,,
1990-12-09 00:00:00+00:00,196.0,,,
1990-12-16 00:00:00+00:00,197.0,,,
1990-12-23 00:00:00+00:00,202.0,,,
1990-12-30 00:00:00+00:00,197.0,,,
1991-01-06 00:00:00+00:00,193.0,,,
1991-01-13 00:00:00+00:00,317.0,,,
1991-01-20 00:00:00+00:00,230.0,,,
1991-01-27 00:00:00+00:00,214.0,,,
1991-02-03 00:00:00+00:00,207.0,,,
1991-02-10 00:00:00+00:00,196.0,,,
1991-02-17 00:00:00+00:00,173.0,,,
1991-02-24 00:00:00+00:00,136.0,,,
1991-03-03 00:00:00+00:00,148.0,,,
1991-03-10 00:00:00+00:00,1030.0,,,
1991-03-17 00:00:00+00:00,378.0,,,
1991-03-24 00:00:00+00:00,342.0,,,
1991-03-31 00:00:00+00:00,987.0,,,
1991-04-07 00:00:00+00:00,3320.0,,,
1991-04-14 00:00:00+00:00,436.0,,,
1991-04-21 00:00:00+00:00,217.0,,,
1991-04-28 00:00:00+00:00,160.0,,,
1991-05-05 00:00:00+00:00,105.0,,,
1991-05-12 00:00:00+00:00,84.0,,,
1991-05-19 00:00:00+00:00,69.0,,,
1991-05-26 00:00:00+00:00,74.0,,,
1991-06-02 00:00:00+00:00,77.0,,,
1991-06-09 00:00:00+00:00,100.0,,,
1991-06-16 00:00:00+00:00,76.0,,,
1991-06-23 00:00:00+00:00,56.0,,,
1991-06-30 00:00:00+00:00,57.0,,,
1991-07-07 00:00:00+00:00,45.0,,,
1991-07-14 00:00:00+00:00,59.0,,,
1991-07-21 00:00:00+00:00,65.0,,,
1991-07-28 00:00:00+00:00,62.0,,,
1991-08-04 00:00:00+00:00,59.0,,,
1991-08-11 00:00:00+00:00,63.0,,,
1991-08-18 00:00:00+00:00,81.0,,,
1991-08-25 00:00:00+00:00,67.0,,,
1991-09-01 00:00:00+00:00,130.0,,,
1991-09-08 00:00:00+00:00,135.0,,,
1991-09-15 00:00:00+00:00,91.0,,,
1991-09-22 00:00:00+00:00,79.0,,,
1991-09-29 00:00:00+00:00,90.0,,,
1991-10-06 00:00:00+00:00,86.0,,,
1991-10-13 00:00:00+00:00,87.0,,,
1991-10-20 00:00:00+00:00,83.0,,,
1991-10-27 00:00:00+00:00,92.0,,,
1991-11-03 00:00:00+00:00,158.0,,,
1991-11-10 00:00:00+00:00,148.0,,,
1991-11-17 00:00:00+00:00,167.0,,,
1991-11-24 00:00:00+00:00,198.0,,,
1991-12-01 00:00:00+00:00,190.0,,,
1991-12-08 00:00:00+00:00,199.0,,,
1991-12-15 00:00:00+00:00,200.0,,,
1991-12-22 00:00:00+00:00,216.0,,,
1991-12-29 00:00:00+00:00,240.0,,,
1992-01-05 00:00:00+00:00,238.0,,,
1992-01-12 00:00:00+00:00,398.0,,,
1992-01-19 00:00:00+00:00,249.0,,,
1992-01-26 00:00:00+00:00,233.0,,,
1992-02-02 00:00:00+00:00,281.0,,,
1992-02-09 00:00:00+00:00,302.0,,,
1992-02-16 00:00:00+00:00,918.0,,,
1992-02-23 00:00:00+00:00,813.0,,,
1992-03-01 00:00:00+00:00,581.0,,,
1992-03-08 00:00:00+00:00,665.0,,,
1992-03-15 00:00:00+00:00,2200.0,,,
1992-03-22 00:00:00+00:00,652.0,,,
1992-03-29 00:00:00+00:00,965.0,,,
1992-04-05 00:00:00+00:00,884.0,,,
1992-04-12 00:00:00+00:00,323.0,,,
1992-04-19 00:00:00+00:00,195.0,,,
1992-04-26 00:00:00+00:00,120.0,,,
1992-05-03 00:00:00+00:00,74.0,,,
1992-05-10 00:00:00+00:00,90.0,,,
1992-05-17 00:00:00+00:00,99.0,,,
1992-05-24 00:00:00+00:00,98.0,,,
1992-05-31 00:00:00+00:00,169.0,,,
1992-06-07 00:00:00+00:00,133.0,,,
1992-06-14 00:00:00+00:00,83.0,,,
1992-06-21 00:00:00+00:00,68.0,,,
1992-06-28 00:00:00+00:00,74.0,,,
1992-07-05 00:00:00+00:00,60.0,,,
1992-07-12 00:00:00+00:00,60.0,,,
1992-07-19 00:00:00+00:00,80.0,,,
1992-07-26 00:00:00+00:00,65.0,,,
1992-08-02 00:00:00+00:00,106.0,,,
1992-08-09 00:00:00+00:00,132.0,,,
1992-08-16 00:00:00+00:00,92.0,,,
1992-08-23 00:00:00+00:00,93.0,,,
1992-08-30 00:00:00+00:00,294.0,,,
1992-09-06 00:00:00+00:00,138.0,,,
1992-09-13 00:00:00+00:00,101.0,,,
1992-09-20 00:00:00+00:00,99.0,,,
1992-09-27 00:00:00+00:00,121.0,,,
1992-10-04 00:00:00+00:00,106.0,,,
1992-10-11 00:00:00+00:00,111.0,,,
1992-10-18 00:00:00+00:00,113.0,,,
1992-10-25 00:00:00+00:00,134.0,,,
1992-11-01 00:00:00+00:00,171.0,,,
1992-11-08 00:00:00+00:00,185.0,,,
1992-11-15 00:00:00+00:00,186.0,,,
1992-11-22 00:00:00+00:00,183.0,,,
1992-11-29 00:00:00+00:00,202.0,,,
1992-12-06 00:00:00+00:00,191.0,,,
1992-12-13 00:00:00+00:00,235.0,,,
1992-12-20 00:00:00+00:00,222.0,,,
1992-12-27 00:00:00+00:00,207.0,,,
1993-01-03 00:00:00+00:00,1190.0,,,
1993-01-10 00:00:00+00:00,554.0,,,
1993-01-17 00:00:00+00:00,2110.0,,,
1993-01-24 00:00:00+00:00,2240.0,,,
1993-01-31 00:00:00+00:00,820.0,,,
1993-02-07 00:00:00+00:00,660.0,,,
1993-02-14 00:00:00+00:00,726.0,,,
1993-02-21 00:00:00+00:00,1090.0,,,
1993-02-28 00:00:00+00:00,1360.0,,,
1993-03-07 00:00:00+00:00,1460.0,,,
1993-03-14 00:00:00+00:00,1120.0,,,
1993-03-21 00:00:00+00:00,1030.0,,,
1993-03-28 00:00:00+00:00,760.0,,,
1993-04-04 00:00:00+00:00,742.0,,,
1993-04-11 00:00:00+00:00,352.0,,,
1993-04-18 00:00:00+00:00,212.0,,,
1993-04-25 00:00:00+00:00,150.0,,,
1993-05-02 00:00:00+00:00,139.0,,,
1993-05-09 00:00:00+00:00,123.0,,,
1993-05-16 00:00:00+00:00,137.0,,,
1993-05-23 00:00:00+00:00,130.0,,,
1993-05-30 00:00:00+00:00,133.0,,,
1993-06-06 00:00:00+00:00,118.0,,,
1993-06-13 00:00:00+00:00,100.0,,,
1993-06-20 00:00:00+00:00,85.0,,,
1993-06-27 00:00:00+00:00,82.0,,,
1993-07-04 00:00:00+00:00,65.0,,,
1993-07-11 00:00:00+00:00,65.0,,,
1993-07-18 00:00:00+00:00,65.0,,,
1993-07-25 00:00:00+00:00,60.0,,,
1993-08-01 00:00:00+00:00,55.0,,,
1993-08-08 00:00:00+00:00,62.0,,,
1993-08-15 00:00:00+00:00,82.0,,,
1993-08-22 00:00:00+00:00,68.0,,,
1993-08-29 00:00:00+00:00,196.0,,,
1993-09-05 00:00:00+00:00,159.0,,,
1993-09-12 00:00:00+00:00,102.0,,,
1993-09-19 00:00:00+00:00,107.0,,,
1993-09-26 00:00:00+00:00,93.0,,,
1993-10-03 00:00:00+00:00,107.0,,,
1993-10-10 00:00:00+00:00,107.0,,,
1993-10-17 00:00:00+00:00,179.0,,,
1993-10-24 00:00:00+00:00,171.0,,,
1993-10-31 00:00:00+00:00,156.0,,,
1993-11-07 00:00:00+00:00,174.0,,,
1993-11-14 00:00:00+00:00,184.0,,,
1993-11-21 00:00:00+00:00,243.0,,,
1993-11-28 00:00:00+00:00,242.0,,,
1993-12-05 00:00:00+00:00,242.0,,,
1993-12-12 00:00:00+00:00,239.0,,,
1993-12-19 00:00:00+00:00,249.0,,,
1993-12-26 00:00:00+00:00,241.0,,,
1994-01-02 00:00:00+00:00,234.0,,,
1994-01-09 00:00:00+00:00,230.0,,,
1994-01-16 00:00:00+00:00,219.0,,,
1994-01-23 00:00:00+00:00,216.0,,,
1994-01-30 00:00:00+00:00,215.0,,,
1994-02-06 00:00:00+00:00,222.0,,,
1994-02-13 00:00:00+00:00,234.0,,,
1994-02-20 00:00:00+00:00,248.0,,,
1994-02-27 00:00:00+00:00,261.0,,,
1994-03-06 00:00:00+00:00,293.0,,,
1994-03-13 00:00:00+00:00,376.0,,,
1994-03-20 00:00:00+00:00,308.0,,,
1994-03-27 00:00:00+00:00,313.0,,,
1994-04-03 00:00:00+00:00,231.0,,,
1994-04-10 00:00:00+00:00,161.0,,,
1994-04-17 00:00:00+00:00,197.0,,,
1994-04-24 00:00:00+00:00,124.0,,,
1994-05-01 00:00:00+00:00,145.0,,,
1994-05-08 00:00:00+00:00,136.0,,,
1994-05-15 00:00:00+00:00,143.0,,,
1994-05-22 00:00:00+00:00,95.0,,,
1994-05-29 00:00:00+00:00,112.0,,,
1994-06-05 00:00:00+00:00,74.0,,,
1994-06-12 00:00:00+00:00,65.0,,,
1994-06-19 00:00:00+00:00,60.0,,,
1994-06-26 00:00:00+00:00,58.0,,,
1994-07-03 00:00:00+00:00,53.0,,,
1994-07-10 00:00:00+00:00,53.0,,,
1994-07-17 00:00:00+00:00,50.0,,,
1994-07-24 00:00:00+00:00,61.0,,,
1994-07-31 00:00:00+00:00,73.0,,,
1994-08-07 00:00:00+00:00,49.0,,,
1994-08-14 00:00:00+00:00,91.0,,,
1994-08-21 00:00:00+00:00,103.0,,,
1994-08-28 00:00:00+00:00,65.0,,,
1994-09-04 00:00:00+00:00,132.0,,,
1994-09-11 00:00:00+00:00,162.0,,,
1994-09-18 00:00:00+00:00,115.0,,,
1994-09-25 00:00:00+00:00,98.0,,,
1994-10-02 00:00:00+00:00,101.0,,,
1994-10-09 00:00:00+00:00,112.0,,,
1994-10-16 00:00:00+00:00,112.0,,,
1994-10-23 00:00:00+00:00,157.0,,,
1994-10-30 00:00:00+00:00,148.0,,,
1994-11-06 00:00:00+00:00,151.0,,,
1994-11-13 00:00:00+00:00,173.0,,,
1994-11-20 00:00:00+00:00,196.0,,,
1994-11-27 00:00:00+00:00,207.0,,,
1994-12-04 00:00:00+00:00,205.0,,,
1994-12-11 00:00:00+00:00,213.0,,,
1994-12-18 00:00:00+00:00,226.0,,,
1994-12-25 00:00:00+00:00,219.0,,,
1995-01-01 00:00:00+00:00,229.0,,,
1995-01-08 00:00:00+00:00,222.0,,,
1995-01-15 00:00:00+00:00,340.0,,,
1995-01-22 00:00:00+00:00,308.0,,,
1995-01-29 00:00:00+00:00,275.0,,,
1995-02-05 00:00:00+00:00,431.0,,,
1995-02-12 00:00:00+00:00,544.0,,,
1995-02-19 00:00:00+00:00,491.0,,,
1995-02-26 00:00:00+00:00,1250.0,,,
1995-03-05 00:00:00+00:00,1070.0,,,
1995-03-12 00:00:00+00:00,1020.0,,,
1995-03-19 00:00:00+00:00,555.0,,,
1995-03-26 00:00:00+00:00,350.0,,,
1995-04-02 00:00:00+00:00,296.0,,,
1995-04-09 00:00:00+00:00,175.0,,,
1995-04-16 00:00:00+00:00,155.0,,,
1995-04-23 00:00:00+00:00,185.0,,,
1995-04-30 00:00:00+00:00,372.0,,,
1995-05-07 00:00:00+00:00,184.0,,,
1995-05-14 00:00:00+00:00,128.0,,,
1995-05-21 00:00:00+00:00,131.0,,,
1995-05-28 00:00:00+00:00,112.0,,,
1995-06-04 00:00:00+00:00,117.0,,,
1995-06-11 00:00:00+00:00,99.0,,,
1995-06-18 00:00:00+00:00,84.0,,,
1995-06-25 00:00:00+00:00,82.0,,,
1995-07-02 00:00:00+00:00,75.0,,,
1995-07-09 00:00:00+00:00,77.0,,,
1995-07-16 00:00:00+00:00,71.0,,,
1995-07-23 00:00:00+00:00,79.0,,,
1995-07-30 00:00:00+00:00,66.0,,,
1995-08-06 00:00:00+00:00,66.0,,,
1995-08-13 00:00:00+00:00,71.0,,,
1995-08-20 00:00:00+00:00,128.0,,,
1995-08-27 00:00:00+00:00,244.0,,,
1995-09-03 00:00:00+00:00,134.0,,,
1995-09-10 00:00:00+00:00,121.0,,,
1995-09-17 00:00:00+00:00,180.0,,,
1995-09-24 00:00:00+00:00,142.0,,,
1995-10-01 00:00:00+00:00,137.0,,,
1995-10-08 00:00:00+00:00,129.0,,,
1995-10-15 00:00:00+00:00,127.0,,,
1995-10-22 00:00:00+00:00,121.0,,,
1995-10-29 00:00:00+00:00,134.0,,,
1995-11-05 00:00:00+00:00,156.0,,,
1995-11-12 00:00:00+00:00,187.0,,,
1995-11-19 00:00:00+00:00,179.0,,,
1995-11-26 00:00:00+00:00,179.0,,,
1995-12-03 00:00:00+00:00,186.0,,,
1995-12-10 00:00:00+00:00,195.0,,,
1995-12-17 00:00:00+00:00,197.0,,,
1995-12-24 00:00:00+00:00,213.0,,,
1995-12-31 00:00:00+00:00,212.0,,,
1996-01-07 00:00:00+00:00,215.0,,,
1996-01-14 00:00:00+00:00,209.0,,,
1996-01-21 00:00:00+00:00,208.0,,,
1996-01-28 00:00:00+00:00,208.0,,,
1996-02-04 00:00:00+00:00,212.0,,,
1996-02-11 00:00:00+00:00,203.0,,,
1996-02-18 00:00:00+00:00,202.0,,,
1996-02-25 00:00:00+00:00,185.0,,,
1996-03-03 00:00:00+00:00,199.0,,,
1996-03-10 00:00:00+00:00,163.0,,,
1996-03-17 00:00:00+00:00,171.0,,,
1996-03-24 00:00:00+00:00,137.0,,,
1996-03-31 00:00:00+00:00,134.0,,,
1996-04-07 00:00:00+00:00,122.0,,,
1996-04-14 00:00:00+00:00,109.0,,,
1996-04-21 00:00:00+00:00,112.0,,,
1996-04-28 00:00:00+00:00,91.0,,,
1996-05-05 00:00:00+00:00,87.0,,,
1996-05-12 00:00:00+00:00,84.0,,,
1996-05-19 00:00:00+00:00,80.0,,,
1996-05-26 00:00:00+00:00,80.0,,,
1996-06-02 00:00:00+00:00,85.0,,,
1996-06-09 00:00:00+00:00,80.0,,,
1996-06-16 00:00:00+00:00,80.0,,,
1996-06-23 00:00:00+00:00,52.0,,,
1996-06-30 00:00:00+00:00,43.0,,,
1996-07-07 00:00:00+00:00,53.0,,,
1996-07-14 00:00:00+00:00,145.0,,,
1996-07-21 00:00:00+00:00,108.0,,,
1996-07-28 00:00:00+00:00,79.0,,,
1996-08-04 00:00:00+00:00,97.0,,,
1996-08-11 00:00:00+00:00,61.0,,,
1996-08-18 00:00:00+00:00,60.0,,,
1996-08-25 00:00:00+00:00,95.0,,,
1996-09-01 00:00:00+00:00,73.0,,,
1996-09-08 00:00:00+00:00,109.0,,,
1996-09-15 00:00:00+00:00,276.0,,,
1996-09-22 00:00:00+00:00,225.0,,,
1996-09-29 00:00:00+00:00,121.0,,,
1996-10-06 00:00:00+00:00,112.0,,,
1996-10-13 00:00:00+00:00,104.0,,,
1996-10-20 00:00:00+00:00,111.0,,,
1996-10-27 00:00:00+00:00,132.0,,,
1996-11-03 00:00:00+00:00,179.0,,,
1996-11-10 00:00:00+00:00,166.0,,,
1996-11-17 00:00:00+00:00,165.0,,,
1996-11-24 00:00:00+00:00,184.0,,,
1996-12-01 00:00:00+00:00,199.0,,,
1996-12-08 00:00:00+00:00,189.0,,,
1996-12-15 00:00:00+00:00,187.0,,,
1996-12-22 00:00:00+00:00,195.0,,,
1996-12-29 00:00:00+00:00,189.0,,,
1997-01-05 00:00:00+00:00,184.0,10.32,,
1997-01-12 00:00:00+00:00,189.0,3.69,,
1997-01-19 00:00:00+00:00,209.0,4.38,,
1997-01-26 00:00:00+00:00,194.0,6.94,,
1997-02-02 00:00:00+00:00,903.0,9.91,,
1997-02-09 00:00:00+00:00,317.0,7.02,,
1997-02-16 00:00:00+00:00,232.0,7.77,,
1997-02-23 00:00:00+00:00,227.0,8.91,,
1997-03-02 00:00:00+00:00,224.0,5.84,,
1997-03-09 00:00:00+00:00,238.0,10.72,,
1997-03-16 00:00:00+00:00,893.0,15.24,,
1997-03-23 00:00:00+00:00,428.0,17.0,,
1997-03-30 00:00:00+00:00,178.0,14.89,,
1997-04-06 00:00:00+00:00,165.0,9.87,,
1997-04-13 00:00:00+00:00,559.0,12.7,,
1997-04-20 00:00:00+00:00,171.0,17.65,,
1997-04-27 00:00:00+00:00,141.0,17.9,,
1997-05-04 00:00:00+00:00,110.0,20.91,,
1997-05-11 00:00:00+00:00,76.0,22.48,,
1997-05-18 00:00:00+00:00,76.0,23.93,,
1997-05-25 00:00:00+00:00,87.0,21.1,,
1997-06-01 00:00:00+00:00,79.0,25.91,,
1997-06-08 00:00:00+00:00,60.0,23.51,,
1997-06-15 00:00:00+00:00,62.0,23.27,,
1997-06-22 00:00:00+00:00,62.0,26.76,,
1997-06-29 00:00:00+00:00,45.0,26.16,,
1997-07-06 00:00:00+00:00,45.0,27.9,,
1997-07-13 00:00:00+00:00,36.0,28.74,,
1997-07-20 00:00:00+00:00,35.0,30.31,,
1997-07-27 00:00:00+00:00,48.0,26.15,,
1997-08-03 00:00:00+00:00,48.0,29.14,,
1997-08-10 00:00:00+00:00,88.0,27.22,,
1997-08-17 00:00:00+00:00,105.0,26.7,,
1997-08-24 00:00:00+00:00,100.0,28.39,,
1997-08-31 00:00:00+00:00,116.0,24.76,,
1997-09-07 00:00:00+00:00,182.0,27.05,,
1997-09-14 00:00:00+00:00,154.0,24.19,,
1997-09-21 00:00:00+00:00,159.0,23.68,,
1997-09-28 00:00:00+00:00,142.0,22.65,,
1997-10-05 00:00:00+00:00,126.0,23.79,,
1997-10-12 00:00:00+00:00,115.0,16.93,,
1997-10-19 00:00:00+00:00,136.0,15.45,,
1997-10-26 00:00:00+00:00,134.0,11.83,,
1997-11-02 00:00:00+00:00,162.0,12.37,,
1997-11-09 00:00:00+00:00,165.0,12.9,,
1997-11-16 00:00:00+00:00,178.0,9.72,,
1997-11-23 00:00:00+00:00,200.0,8.29,,
1997-11-30 00:00:00+00:00,204.0,8.36,,
1997-12-07 00:00:00+00:00,212.0,5.79,,
1997-12-14 00:00:00+00:00,234.0,3.66,,
1997-12-21 00:00:00+00:00,247.0,4.93,,
1997-12-28 00:00:00+00:00,258.0,2.29,,
1998-01-04 00:00:00+00:00,253.0,6.87,,
1998-01-11 00:00:00+00:00,269.0,3.97,,
1998-01-18 00:00:00+00:00,246.0,6.17,,
1998-01-25 00:00:00+00:00,256.0,7.48,,
1998-02-01 00:00:00+00:00,232.0,6.67,,
1998-02-08 00:00:00+00:00,229.0,7.42,,
1998-02-15 00:00:00+00:00,375.0,5.9,,
1998-02-22 00:00:00+00:00,359.0,5.13,,
1998-03-01 00:00:00+00:00,355.0,6.02,,
1998-03-08 00:00:00+00:00,425.0,9.19,,
1998-03-15 00:00:00+00:00,898.0,10.58,,
1998-03-22 00:00:00+00:00,1640.0,11.61,,
1998-03-29 00:00:00+00:00,1850.0,10.7,,
1998-04-05 00:00:00+00:00,1580.0,6.88,,
1998-04-12 00:00:00+00:00,2050.0,11.66,,
1998-04-19 00:00:00+00:00,769.0,9.65,,
1998-04-26 00:00:00+00:00,899.0,17.9,,
1998-05-03 00:00:00+00:00,395.0,16.88,,
1998-05-10 00:00:00+00:00,217.0,16.76,,
1998-05-17 00:00:00+00:00,179.0,15.69,,
1998-05-24 00:00:00+00:00,149.0,18.68,,
1998-05-31 00:00:00+00:00,112.0,21.18,,
1998-06-07 00:00:00+00:00,77.0,22.2,,
1998-06-14 00:00:00+00:00,79.0,21.02,,
1998-06-21 00:00:00+00:00,66.0,25.63,,
1998-06-28 00:00:00+00:00,60.0,26.27,,
1998-07-05 00:00:00+00:00,39.0,28.83,,
1998-07-12 00:00:00+00:00,67.0,28.13,,
1998-07-19 00:00:00+00:00,56.0,31.09,,
1998-07-26 00:00:00+00:00,63.0,25.35,,
1998-08-02 00:00:00+00:00,119.0,28.53,,
1998-08-09 00:00:00+00:00,52.0,29.24,,
1998-08-16 00:00:00+00:00,81.0,26.57,,
1998-08-23 00:00:00+00:00,102.0,27.27,,
1998-08-30 00:00:00+00:00,86.0,27.9,,
1998-09-06 00:00:00+00:00,105.0,24.23,,
1998-09-13 00:00:00+00:00,150.0,24.08,,
1998-09-20 00:00:00+00:00,140.0,23.76,,
1998-09-27 00:00:00+00:00,117.0,20.15,,
1998-10-04 00:00:00+00:00,108.0,20.0,,
1998-10-11 00:00:00+00:00,105.0,17.04,,
1998-10-18 00:00:00+00:00,108.0,15.69,,
1998-10-25 00:00:00+00:00,142.0,15.86,,
1998-11-01 00:00:00+00:00,210.0,11.29,,
1998-11-08 00:00:00+00:00,190.0,11.42,,
1998-11-15 00:00:00+00:00,211.0,8.28,,
1998-11-22 00:00:00+00:00,192.0,8.87,,
1998-11-29 00:00:00+00:00,192.0,9.12,,
1998-12-06 00:00:00+00:00,208.0,6.3,,
1998-12-13 00:00:00+00:00,198.0,2.72,,
1998-12-20 00:00:00+00:00,195.0,9.64,,
1998-12-27 00:00:00+00:00,209.0,4.06,,
1999-01-03 00:00:00+00:00,202.0,6.81,,
1999-01-10 00:00:00+00:00,200.0,4.53,,
1999-01-17 00:00:00+00:00,196.0,6.68,,
1999-01-24 00:00:00+00:00,195.0,8.84,,
1999-01-31 00:00:00+00:00,200.0,5.92,,
1999-02-07 00:00:00+00:00,199.0,6.92,,
1999-02-14 00:00:00+00:00,196.0,7.62,,
1999-02-21 00:00:00+00:00,194.0,11.13,,
1999-02-28 00:00:00+00:00,140.0,12.19,,
1999-03-07 00:00:00+00:00,153.0,13.16,,
1999-03-14 00:00:00+00:00,155.0,10.02,,
1999-03-21 00:00:00+00:00,155.0,12.34,,
1999-03-28 00:00:00+00:00,132.0,14.05,,
1999-04-04 00:00:00+00:00,108.0,9.97,,
1999-04-11 00:00:00+00:00,242.0,8.96,,
1999-04-18 00:00:00+00:00,269.0,14.48,,
1999-04-25 00:00:00+00:00,151.0,17.32,,
1999-05-02 00:00:00+00:00,146.0,14.89,,
1999-05-09 00:00:00+00:00,107.0,19.21,,
1999-05-16 00:00:00+00:00,99.0,21.66,,
1999-05-23 00:00:00+00:00,89.0,21.15,,
1999-05-30 00:00:00+00:00,73.0,24.06,,
1999-06-06 00:00:00+00:00,73.0,20.43,,
1999-06-13 00:00:00+00:00,58.0,23.85,,
1999-06-20 00:00:00+00:00,64.0,29.32,,
1999-06-27 00:00:00+00:00,54.0,29.62,,
1999-07-04 00:00:00+00:00,42.0,31.77,,
1999-07-11 00:00:00+00:00,48.0,27.01,,
1999-07-18 00:00:00+00:00,88.0,25.18,,
1999-07-25 00:00:00+00:00,166.0,26.38,,
1999-08-01 00:00:00+00:00,224.0,25.69,,
1999-08-08 00:00:00+00:00,124.0,26.63,,
1999-08-15 00:00:00+00:00,85.0,25.05,,
1999-08-22 00:00:00+00:00,85.0,27.21,,
1999-08-29 00:00:00+00:00,81.0,27.9,,
1999-09-05 00:00:00+00:00,87.0,23.38,,
1999-09-12 00:00:00+00:00,107.0,24.53,,
1999-09-19 00:00:00+00:00,210.0,22.11,,
1999-09-26 00:00:00+00:00,268.0,21.85,,
1999-10-03 00:00:00+00:00,195.0,19.91,,
1999-10-10 00:00:00+00:00,152.0,19.16,,
1999-10-17 00:00:00+00:00,143.0,17.96,,
1999-10-24 00:00:00+00:00,139.0,14.1,,
1999-10-31 00:00:00+00:00,142.0,15.31,,
1999-11-07 00:00:00+00:00,152.0,13.72,,
1999-11-14 00:00:00+00:00,161.0,13.62,,
1999-11-21 00:00:00+00:00,165.0,12.27,,
1999-11-28 00:00:00+00:00,175.0,6.15,,
1999-12-05 00:00:00+00:00,180.0,6.45,,
1999-12-12 00:00:00+00:00,195.0,4.66,,
1999-12-19 00:00:00+00:00,198.0,5.51,,
1999-12-26 00:00:00+00:00,199.0,5.19,,
2000-01-02 00:00:00+00:00,207.0,6.34,,
2000-01-09 00:00:00+00:00,207.0,1.75,,
2000-01-16 00:00:00+00:00,200.0,5.36,,
2000-01-23 00:00:00+00:00,195.0,11.2,,
2000-01-30 00:00:00+00:00,203.0,8.41,,
2000-02-06 00:00:00+00:00,206.0,9.34,,
2000-02-13 00:00:00+00:00,195.0,11.7,,
2000-02-20 00:00:00+00:00,182.0,12.09,,
2000-02-27 00:00:00+00:00,192.0,8.37,,
2000-03-05 00:00:00+00:00,162.0,9.13,,
2000-03-12 00:00:00+00:00,215.0,9.62,,
2000-03-19 00:00:00+00:00,209.0,14.79,,
2000-03-26 00:00:00+00:00,171.0,11.93,,
2000-04-02 00:00:00+00:00,245.0,11.35,,
2000-04-09 00:00:00+00:00,132.0,18.71,,
2000-04-16 00:00:00+00:00,110.0,17.73,,
2000-04-23 00:00:00+00:00,117.0,16.93,,
2000-04-30 00:00:00+00:00,95.0,21.6,,
2000-05-07 00:00:00+00:00,81.0,22.32,,
2000-05-14 00:00:00+00:00,74.0,22.21,,
2000-05-21 00:00:00+00:00,74.0,21.65,,
2000-05-28 00:00:00+00:00,52.0,27.44,,
2000-06-04 00:00:00+00:00,48.0,28.08,,
2000-06-11 00:00:00+00:00,48.0,26.6,,
2000-06-18 00:00:00+00:00,37.0,29.72,,
2000-06-25 00:00:00+00:00,71.0,25.38,,
2000-07-02 00:00:00+00:00,100.0,29.65,,
2000-07-09 00:00:00+00:00,53.0,27.26,,
2000-07-16 00:00:00+00:00,53.0,29.88,,
2000-07-23 00:00:00+00:00,44.0,31.21,,
2000-07-30 00:00:00+00:00,46.0,32.14,,
2000-08-06 00:00:00+00:00,43.0,30.01,,
2000-08-13 00:00:00+00:00,129.0,27.2,,
2000-08-20 00:00:00+00:00,137.0,27.12,,
2000-08-27 00:00:00+00:00,125.0,25.95,,
2000-09-03 00:00:00+00:00,151.0,21.6,,
2000-09-10 00:00:00+00:00,98.0,24.9,,
2000-09-17 00:00:00+00:00,69.0,27.52,,
2000-09-24 00:00:00+00:00,64.0,25.42,,
2000-10-01 00:00:00+00:00,71.0,24.38,,
2000-10-08 00:00:00+00:00,87.0,23.09,229.87,
2000-10-15 00:00:00+00:00,94.0,15.5,234.37,
2000-10-22 00:00:00+00:00,113.0,17.42,240.2,
2000-10-29 00:00:00+00:00,222.0,11.85,311.81,
2000-11-05 00:00:00+00:00,330.0,9.39,342.75,
2000-11-12 00:00:00+00:00,236.0,5.94,353.42,
2000-11-19 00:00:00+00:00,215.0,4.55,359.41,
2000-11-26 00:00:00+00:00,199.0,6.27,359.41,
2000-12-03 00:00:00+00:00,192.0,8.45,359.41,
2000-12-10 00:00:00+00:00,184.0,8.66,359.41,
2000-12-17 00:00:00+00:00,183.0,5.68,361.31,
2000-12-24 00:00:00+00:00,184.0,4.8,361.95,
2000-12-31 00:00:00+00:00,186.0,4.86,361.95,
2001-01-07 00:00:00+00:00,182.0,6.6,361.95,
2001-01-14 00:00:00+00:00,191.0,6.37,33.83,
2001-01-21 00:00:00+00:00,205.0,3.14,32.86,
2001-01-28 00:00:00+00:00,204.0,6.24,35.64,
2001-02-04 00:00:00+00:00,200.0,6.06,40.64,
2001-02-11 00:00:00+00:00,198.0,8.42,41.39,
2001-02-18 00:00:00+00:00,220.0,4.9,50.05,
2001-02-25 00:00:00+00:00,407.0,9.19,54.1,
2001-03-04 00:00:00+00:00,292.0,7.65,59.05,
2001-03-11 00:00:00+00:00,424.0,10.11,73.13,
2001-03-18 00:00:00+00:00,829.0,11.7,82.3,
2001-03-25 00:00:00+00:00,443.0,17.16,82.3,
2001-04-01 00:00:00+00:00,194.0,15.57,82.3,
2001-04-08 00:00:00+00:00,179.0,12.96,87.11,
2001-04-15 00:00:00+00:00,334.0,10.92,92.03,
2001-04-22 00:00:00+00:00,163.0,16.82,92.54,
2001-04-29 00:00:00+00:00,130.0,18.41,93.87,
2001-05-06 00:00:00+00:00,111.0,18.89,95.0,
2001-05-13 00:00:00+00:00,77.0,24.39,95.01,
2001-05-20 00:00:00+00:00,78.0,24.6,97.61,
2001-05-27 00:00:00+00:00,74.0,21.23,111.76,
2001-06-03 00:00:00+00:00,61.0,21.4,111.76,
2001-06-10 00:00:00+00:00,57.0,21.27,111.76,
2001-06-17 00:00:00+00:00,46.0,20.88,111.76,
2001-06-24 00:00:00+00:00,46.0,25.67,112.83,
2001-07-01 00:00:00+00:00,54.0,28.03,117.64,
2001-07-08 00:00:00+00:00,56.0,28.18,123.16,
2001-07-15 00:00:00+00:00,83.0,28.52,133.01,
2001-07-22 00:00:00+00:00,54.0,28.87,133.6,
2001-07-29 00:00:00+00:00,53.0,28.41,136.49,
2001-08-05 00:00:00+00:00,71.0,26.95,165.91,
2001-08-12 00:00:00+00:00,114.0,26.14,175.33,
2001-08-19 00:00:00+00:00,159.0,26.13,213.4,
2001-08-26 00:00:00+00:00,95.0,26.87,218.38,
2001-09-02 00:00:00+00:00,60.0,28.46,218.44,
2001-09-09 00:00:00+00:00,73.0,26.8,218.44,
2001-09-16 00:00:00+00:00,75.0,25.91,218.55,
2001-09-23 00:00:00+00:00,94.0,25.06,218.69,
2001-09-30 00:00:00+00:00,83.0,23.95,218.69,
2001-10-07 00:00:00+00:00,94.3,21.98,219.13,
2001-10-14 00:00:00+00:00,167.0,16.19,227.38,
2001-10-21 00:00:00+00:00,134.0,17.99,227.58,
2001-10-28 00:00:00+00:00,133.0,18.26,227.82,
2001-11-04 00:00:00+00:00,138.0,17.76,227.84,
2001-11-11 00:00:00+00:00,152.0,16.1,229.94,
2001-11-18 00:00:00+00:00,164.0,13.07,230.12,
2001-11-25 00:00:00+00:00,163.0,11.14,230.12,
2001-12-02 00:00:00+00:00,174.0,4.41,230.12,
2001-12-09 00:00:00+00:00,188.0,5.69,241.75,
2001-12-16 00:00:00+00:00,190.0,2.2,248.68,
2001-12-23 00:00:00+00:00,185.0,4.02,249.43,
2001-12-30 00:00:00+00:00,184.0,4.86,249.86,
2002-01-06 00:00:00+00:00,188.0,4.72,255.78,
2002-01-13 00:00:00+00:00,185.0,7.73,254.76,
2002-01-20 00:00:00+00:00,186.0,4.6,254.76,
2002-01-27 00:00:00+00:00,186.0,5.01,254.76,
2002-02-03 00:00:00+00:00,185.0,4.56,254.76,
2002-02-10 00:00:00+00:00,163.0,6.79,254.76,
2002-02-17 00:00:00+00:00,155.0,10.84,254.76,
2002-02-24 00:00:00+00:00,147.0,10.51,254.76,
2002-03-03 00:00:00+00:00,140.0,8.87,254.76,
2002-03-10 00:00:00+00:00,157.0,10.4,254.76,
2002-03-17 00:00:00+00:00,148.0,11.05,254.76,
2002-03-24 00:00:00+00:00,138.0,12.98,256.08,
2002-03-31 00:00:00+00:00,136.0,15.07,258.91,
2002-04-07 00:00:00+00:00,121.0,17.86,264.25,
2002-04-14 00:00:00+00:00,120.0,19.32,271.27,
2002-04-21 00:00:00+00:00,107.0,17.66,271.27,
2002-04-28 00:00:00+00:00,101.0,19.45,271.27,
2002-05-05 00:00:00+00:00,102.0,18.5,271.27,
2002-05-12 00:00:00+00:00,80.9,21.7,271.27,
2002-05-19 00:00:00+00:00,70.0,24.22,271.27,
2002-05-26 00:00:00+00:00,67.4,20.88,271.27,
2002-06-02 00:00:00+00:00,59.6,27.16,271.27,
2002-06-09 00:00:00+00:00,56.9,27.86,271.27,
2002-06-16 00:00:00+00:00,53.7,27.67,271.27,
2002-06-23 00:00:00+00:00,48.4,29.0,271.27,
2002-06-30 00:00:00+00:00,51.8,30.09,271.27,
2002-07-07 00:00:00+00:00,47.3,29.08,271.27,
2002-07-14 00:00:00+00:00,46.6,-12.99,275.03,
2002-07-21 00:00:00+00:00,71.2,27.39,282.53,
2002-07-28 00:00:00+00:00,67.1,29.81,293.22,
2002-08-04 00:00:00+00:00,56.1,28.98,297.72,
2002-08-11 00:00:00+00:00,69.1,29.61,303.78,
2002-08-18 00:00:00+00:00,49.0,31.12,303.78,
2002-08-25 00:00:00+00:00,49.4,28.15,303.78,
2002-09-01 00:00:00+00:00,50.9,28.26,303.78,
2002-09-08 00:00:00+00:00,49.9,26.71,321.32,
2002-09-15 00:00:00+00:00,245.0,22.74,414.22,
2002-09-22 00:00:00+00:00,109.0,24.08,423.42,
2002-09-29 00:00:00+00:00,91.8,23.03,423.42,
2002-10-06 00:00:00+00:00,111.0,16.5,424.32,
2002-10-13 00:00:00+00:00,102.0,19.64,424.94,
2002-10-20 00:00:00+00:00,99.8,17.77,425.78,
2002-10-27 00:00:00+00:00,126.0,13.94,431.35,
2002-11-03 00:00:00+00:00,166.0,12.18,447.55,
2002-11-10 00:00:00+00:00,142.0,12.81,447.78,
2002-11-17 00:00:00+00:00,188.0,10.44,449.58,
2002-11-24 00:00:00+00:00,186.0,10.49,449.58,
2002-12-01 00:00:00+00:00,188.0,8.82,451.61,
2002-12-08 00:00:00+00:00,201.0,7.17,458.6,
2002-12-15 00:00:00+00:00,201.0,6.9,458.72,
2002-12-22 00:00:00+00:00,201.0,4.1,463.55,
2002-12-29 00:00:00+00:00,206.0,3.37,469.14,
2003-01-05 00:00:00+00:00,203.0,6.48,469.9,
2003-01-12 00:00:00+00:00,201.0,9.95,473.93,
2003-01-19 00:00:00+00:00,201.0,9.13,476.5,
2003-01-26 00:00:00+00:00,201.0,8.5,476.5,
2003-02-02 00:00:00+00:00,158.0,11.01,476.5,
2003-02-09 00:00:00+00:00,168.0,5.34,477.12,
2003-02-16 00:00:00+00:00,194.0,8.98,499.42,
2003-02-23 00:00:00+00:00,221.0,11.33,520.19,
2003-03-02 00:00:00+00:00,215.0,7.12,542.2,
2003-03-09 00:00:00+00:00,427.0,9.59,561.67,
2003-03-16 00:00:00+00:00,1060.0,12.05,562.15,
2003-03-23 00:00:00+00:00,1350.0,10.24,571.81,
2003-03-30 00:00:00+00:00,280.0,13.89,572.26,
2003-04-06 00:00:00+00:00,178.0,11.53,572.26,
2003-04-13 00:00:00+00:00,166.0,15.43,572.26,
2003-04-20 00:00:00+00:00,163.0,13.26,575.48,
2003-04-27 00:00:00+00:00,159.0,16.14,576.33,
2003-05-04 00:00:00+00:00,152.0,17.77,576.35,
2003-05-11 00:00:00+00:00,115.0,17.1,576.58,
2003-05-18 00:00:00+00:00,93.4,23.46,576.58,
2003-05-25 00:00:00+00:00,74.7,25.11,583.44,
2003-06-01 00:00:00+00:00,63.7,27.95,599.69,
2003-06-08 00:00:00+00:00,69.4,27.5,599.69,
2003-06-15 00:00:00+00:00,65.6,25.86,599.69,
2003-06-22 00:00:00+00:00,57.5,26.56,599.69,
2003-06-29 00:00:00+00:00,46.0,27.61,599.69,
2003-07-06 00:00:00+00:00,47.2,30.41,599.69,
2003-07-13 00:00:00+00:00,44.1,31.95,599.69,
2003-07-20 00:00:00+00:00,49.6,31.41,601.04,
2003-07-27 00:00:00+00:00,53.6,30.88,605.1,
2003-08-03 00:00:00+00:00,59.0,27.43,608.52,
2003-08-10 00:00:00+00:00,58.2,30.04,611.38,
2003-08-17 00:00:00+00:00,54.5,28.66,624.57,
2003-08-24 00:00:00+00:00,109.0,28.08,643.59,
2003-08-31 00:00:00+00:00,136.0,25.81,644.84,
2003-09-07 00:00:00+00:00,220.0,25.4,646.26,
2003-09-14 00:00:00+00:00,186.0,24.04,650.53,
2003-09-21 00:00:00+00:00,88.2,24.16,652.78,
2003-09-28 00:00:00+00:00,89.2,24.91,652.78,
2003-10-05 00:00:00+00:00,80.2,24.44,652.78,
2003-10-12 00:00:00+00:00,89.0,21.63,652.78,
2003-10-19 00:00:00+00:00,102.0,21.53,652.78,
2003-10-26 00:00:00+00:00,100.0,19.96,652.78,
2003-11-02 00:00:00+00:00,105.0,16.5,652.87,
2003-11-09 00:00:00+00:00,130.0,12.14,653.8,
2003-11-16 00:00:00+00:00,155.0,12.3,667.34,
2003-11-23 00:00:00+00:00,177.0,9.26,676.66,
2003-11-30 00:00:00+00:00,180.0,5.98,676.66,
2003-12-07 00:00:00+00:00,187.0,7.95,676.66,
2003-12-14 00:00:00+00:00,199.0,5.58,676.66,
2003-12-21 00:00:00+00:00,204.0,5.71,676.66,
2003-12-28 00:00:00+00:00,205.0,6.36,676.66,
2004-01-04 00:00:00+00:00,216.0,4.96,676.66,
2004-01-11 00:00:00+00:00,211.0,4.99,676.66,
2004-01-18 00:00:00+00:00,212.0,8.78,676.66,
2004-01-25 00:00:00+00:00,226.0,7.39,683.33,
2004-02-01 00:00:00+00:00,241.0,4.69,686.43,
2004-02-08 00:00:00+00:00,245.0,4.39,689.82,
2004-02-15 00:00:00+00:00,240.0,4.51,690.88,
2004-02-22 00:00:00+00:00,210.0,10.0,690.88,
2004-02-29 00:00:00+00:00,227.0,7.95,700.62,
2004-03-07 00:00:00+00:00,298.0,9.8,705.35,
2004-03-14 00:00:00+00:00,671.0,17.41,707.08,
2004-03-21 00:00:00+00:00,247.0,18.36,705.11,
2004-03-28 00:00:00+00:00,133.0,19.04,710.18,
2004-04-04 00:00:00+00:00,120.0,16.28,713.08,
2004-04-11 00:00:00+00:00,186.0,14.12,726.29,
2004-04-18 00:00:00+00:00,125.0,16.68,729.23,
2004-04-25 00:00:00+00:00,107.0,16.71,729.23,
2004-05-02 00:00:00+00:00,91.9,20.26,729.42,
2004-05-09 00:00:00+00:00,69.8,24.03,723.95,
2004-05-16 00:00:00+00:00,56.7,22.36,729.74,
2004-05-23 00:00:00+00:00,46.0,22.15,729.74,
2004-05-30 00:00:00+00:00,52.1,22.3,729.74,
2004-06-06 00:00:00+00:00,43.1,28.19,729.74,
2004-06-13 00:00:00+00:00,36.1,25.63,729.74,
2004-06-20 00:00:00+00:00,33.8,27.33,729.74,
2004-06-27 00:00:00+00:00,27.7,28.13,729.74,
2004-07-04 00:00:00+00:00,25.9,26.19,729.74,
2004-07-11 00:00:00+00:00,25.3,29.82,729.74,
2004-07-18 00:00:00+00:00,24.9,28.55,732.17,
2004-07-25 00:00:00+00:00,85.9,28.98,756.07,
2004-08-01 00:00:00+00:00,66.4,28.28,758.88,
2004-08-08 00:00:00+00:00,43.5,28.27,760.65,
2004-08-15 00:00:00+00:00,90.8,27.43,769.08,
2004-08-22 00:00:00+00:00,114.0,24.9,776.48,
2004-08-29 00:00:00+00:00,65.1,26.66,776.48,
2004-09-05 00:00:00+00:00,55.6,27.44,776.58,
2004-09-12 00:00:00+00:00,53.4,26.18,776.99,
2004-09-19 00:00:00+00:00,49.3,25.06,779.41,
2004-09-26 00:00:00+00:00,231.0,20.09,814.06,
2004-10-03 00:00:00+00:00,138.0,20.75,814.74,
2004-10-10 00:00:00+00:00,101.0,20.12,815.09,
2004-10-17 00:00:00+00:00,99.7,18.52,815.09,
2004-10-24 00:00:00+00:00,121.0,14.79,819.73,
2004-10-31 00:00:00+00:00,298.0,12.55,841.75,
2004-11-07 00:00:00+00:00,221.0,10.69,860.06,
2004-11-14 00:00:00+00:00,255.0,10.86,878.22,
2004-11-21 00:00:00+00:00,184.0,10.67,881.22,
2004-11-28 00:00:00+00:00,465.0,8.58,897.36,
2004-12-05 00:00:00+00:00,219.0,2.29,899.44,
2004-12-12 00:00:00+00:00,189.0,7.77,909.69,
2004-12-19 00:00:00+00:00,216.0,7.67,909.83,
2004-12-26 00:00:00+00:00,170.0,2.71,909.83,
2005-01-02 00:00:00+00:00,167.0,7.29,932.6,
2005-01-09 00:00:00+00:00,1130.0,5.34,977.9,
2005-01-16 00:00:00+00:00,1640.0,7.24,989.9,
2005-01-23 00:00:00+00:00,1350.0,11.24,991.62,
2005-01-30 00:00:00+00:00,1240.0,8.45,998.71,
2005-02-06 00:00:00+00:00,547.0,7.42,1017.78,
2005-02-13 00:00:00+00:00,535.0,9.02,1031.09,
2005-02-20 00:00:00+00:00,2800.0,11.19,1069.49,
2005-02-27 00:00:00+00:00,1410.0,8.73,1090.52,
2005-03-06 00:00:00+00:00,722.0,10.43,1094.6,
2005-03-13 00:00:00+00:00,756.0,14.14,1099.57,
2005-03-20 00:00:00+00:00,497.0,8.83,1105.71,
2005-03-27 00:00:00+00:00,749.0,10.22,1113.92,
2005-04-03 00:00:00+00:00,367.0,12.34,1119.38,
2005-04-10 00:00:00+00:00,217.0,14.32,1119.53,
2005-04-17 00:00:00+00:00,160.0,16.95,1120.39,
2005-04-24 00:00:00+00:00,150.0,15.78,1120.39,
2005-05-01 00:00:00+00:00,315.0,15.11,1132.59,
2005-05-08 00:00:00+00:00,187.0,18.5,1132.59,
2005-05-15 00:00:00+00:00,169.0,18.52,1132.59,
2005-05-22 00:00:00+00:00,123.0,25.0,1132.59,
2005-05-29 00:00:00+00:00,114.0,26.84,1132.59,
2005-06-05 00:00:00+00:00,103.0,24.03,1132.59,
2005-06-12 00:00:00+00:00,97.2,23.22,1132.59,
2005-06-19 00:00:00+00:00,84.2,26.05,1132.59,
2005-06-26 00:00:00+00:00,63.1,28.43,1133.75,
2005-07-03 00:00:00+00:00,80.6,26.65,1135.63,
2005-07-10 00:00:00+00:00,64.6,28.33,1135.63,
2005-07-17 00:00:00+00:00,46.6,31.75,1135.74,
2005-07-24 00:00:00+00:00,62.2,30.67,1142.0,
2005-07-31 00:00:00+00:00,116.0,27.41,1156.98,
2005-08-07 00:00:00+00:00,178.0,25.42,1192.95,
2005-08-14 00:00:00+00:00,265.0,24.11,1202.57,
2005-08-21 00:00:00+00:00,150.0,25.78,1214.64,
2005-08-28 00:00:00+00:00,129.0,27.18,1224.62,
2005-09-04 00:00:00+00:00,83.2,26.44,1230.05,
2005-09-11 00:00:00+00:00,86.1,25.84,1233.78,
2005-09-18 00:00:00+00:00,91.4,20.75,1233.93,
2005-09-25 00:00:00+00:00,91.1,24.03,1233.93,
2005-10-02 00:00:00+00:00,76.6,23.06,1233.93,
2005-10-09 00:00:00+00:00,92.9,22.98,1233.96,
2005-10-16 00:00:00+00:00,86.8,17.78,1234.19,
2005-10-23 00:00:00+00:00,120.0,16.16,1244.76,
2005-10-30 00:00:00+00:00,158.0,14.99,1247.39,
2005-11-06 00:00:00+00:00,162.0,13.63,1247.39,
2005-11-13 00:00:00+00:00,169.0,13.1,1247.89,
2005-11-20 00:00:00+00:00,184.0,10.36,1248.92,
2005-11-27 00:00:00+00:00,190.0,9.22,1248.92,
2005-12-04 00:00:00+00:00,199.0,7.0,688.8,
2005-12-11 00:00:00+00:00,200.0,3.18,0.0,
2005-12-18 00:00:00+00:00,199.0,3.81,0.0,
2005-12-25 00:00:00+00:00,198.0,7.87,0.0,
2006-01-01 00:00:00+00:00,195.0,8.44,0.0,
2006-01-08 00:00:00+00:00,186.0,8.74,0.0,
2006-01-15 00:00:00+00:00,186.0,6.49,0.0,
2006-01-22 00:00:00+00:00,184.0,3.92,0.0,
2006-01-29 00:00:00+00:00,200.0,5.63,1.34,
2006-02-05 00:00:00+00:00,200.0,9.57,2.29,
2006-02-12 00:00:00+00:00,198.0,9.08,2.29,
2006-02-19 00:00:00+00:00,180.0,9.03,2.29,
2006-02-26 00:00:00+00:00,150.0,8.17,2.29,
2006-03-05 00:00:00+00:00,145.0,12.81,2.29,
2006-03-12 00:00:00+00:00,138.0,6.1,3.54,
2006-03-19 00:00:00+00:00,170.0,9.3,7.11,
2006-03-26 00:00:00+00:00,154.0,10.7,12.11,
2006-04-02 00:00:00+00:00,143.0,13.45,15.54,
2006-04-09 00:00:00+00:00,133.0,15.72,19.17,
2006-04-16 00:00:00+00:00,121.0,18.23,20.57,
2006-04-23 00:00:00+00:00,94.6,18.43,20.57,
2006-04-30 00:00:00+00:00,99.1,17.25,21.45,
2006-05-07 00:00:00+00:00,91.0,21.56,23.11,
2006-05-14 00:00:00+00:00,82.8,24.69,23.11,
2006-05-21 00:00:00+00:00,55.8,26.45,23.11,
2006-05-28 00:00:00+00:00,54.7,24.32,23.11,
2006-06-04 00:00:00+00:00,51.2,25.83,23.11,
2006-06-11 00:00:00+00:00,47.4,28.49,23.11,
2006-06-18 00:00:00+00:00,45.8,27.39,23.11,
2006-06-25 00:00:00+00:00,38.9,30.95,23.11,
2006-07-02 00:00:00+00:00,41.9,28.98,25.07,
2006-07-09 00:00:00+00:00,67.7,26.01,46.78,
2006-07-16 00:00:00+00:00,58.7,31.18,85.85,
2006-07-23 00:00:00+00:00,56.0,31.15,86.58,
2006-07-30 00:00:00+00:00,49.1,28.29,93.02,
2006-08-06 00:00:00+00:00,279.0,26.21,134.71,
2006-08-13 00:00:00+00:00,173.0,26.95,145.06,
2006-08-20 00:00:00+00:00,160.0,26.45,151.13,
2006-08-27 00:00:00+00:00,128.0,25.81,152.8,
2006-09-03 00:00:00+00:00,117.0,26.26,161.01,
2006-09-10 00:00:00+00:00,121.0,22.78,184.21,
2006-09-17 00:00:00+00:00,160.0,22.01,202.59,
2006-09-24 00:00:00+00:00,103.0,19.39,206.25,
2006-10-01 00:00:00+00:00,81.9,21.45,206.25,
2006-10-08 00:00:00+00:00,84.9,21.68,209.17,
2006-10-15 00:00:00+00:00,128.0,15.96,221.12,
2006-10-22 00:00:00+00:00,151.0,14.12,228.09,
2006-10-29 00:00:00+00:00,144.0,13.78,228.09,
2006-11-05 00:00:00+00:00,155.0,12.21,228.09,
2006-11-12 00:00:00+00:00,149.0,14.49,228.09,
2006-11-19 00:00:00+00:00,155.0,10.53,228.09,
2006-11-26 00:00:00+00:00,160.0,10.92,228.09,
2006-12-03 00:00:00+00:00,175.0,4.87,228.09,
2006-12-10 00:00:00+00:00,181.0,6.39,228.09,
2006-12-17 00:00:00+00:00,177.0,6.83,228.09,
2006-12-24 00:00:00+00:00,177.0,2.55,228.47,
2006-12-31 00:00:00+00:00,181.0,4.37,232.96,
2007-01-07 00:00:00+00:00,178.0,5.72,238.24,
2007-01-14 00:00:00+00:00,180.0,5.28,238.83,
2007-01-21 00:00:00+00:00,183.0,1.64,239.67,
2007-01-28 00:00:00+00:00,183.0,5.48,242.53,
2007-02-04 00:00:00+00:00,183.0,5.76,247.91,
2007-02-11 00:00:00+00:00,174.0,11.13,251.49,
2007-02-18 00:00:00+00:00,156.0,8.22,255.82,
2007-02-25 00:00:00+00:00,159.0,7.63,267.34,
2007-03-04 00:00:00+00:00,163.0,7.36,269.24,
2007-03-11 00:00:00+00:00,153.0,13.45,269.24,
2007-03-18 00:00:00+00:00,162.0,18.35,269.24,
2007-03-25 00:00:00+00:00,146.0,14.26,278.32,
2007-04-01 00:00:00+00:00,175.0,12.35,293.75,
2007-04-08 00:00:00+00:00,122.0,18.43,296.93,
2007-04-15 00:00:00+00:00,123.0,15.9,297.61,
2007-04-22 00:00:00+00:00,113.0,12.92,298.7,
2007-04-29 00:00:00+00:00,106.0,18.62,298.7,
2007-05-06 00:00:00+00:00,91.6,19.59,298.7,
2007-05-13 00:00:00+00:00,63.8,23.42,298.7,
2007-05-20 00:00:00+00:00,61.3,23.96,303.63,
2007-05-27 00:00:00+00:00,72.7,22.95,310.13,
2007-06-03 00:00:00+00:00,54.0,25.78,310.13,
2007-06-10 00:00:00+00:00,50.8,24.53,310.13,
2007-06-17 00:00:00+00:00,50.3,27.25,310.13,
2007-06-24 00:00:00+00:00,33.2,28.93,310.13,
2007-07-01 00:00:00+00:00,28.1,29.53,310.13,
2007-07-08 00:00:00+00:00,32.3,31.53,310.2,
2007-07-15 00:00:00+00:00,37.7,30.97,317.2,
2007-07-22 00:00:00+00:00,42.5,28.62,320.07,
2007-07-29 00:00:00+00:00,120.0,25.35,332.25,
2007-08-05 00:00:00+00:00,322.0,25.46,347.62,
2007-08-12 00:00:00+00:00,146.0,27.59,359.99,
2007-08-19 00:00:00+00:00,106.0,28.52,361.31,
2007-08-26 00:00:00+00:00,70.5,30.39,362.6,
2007-09-02 00:00:00+00:00,69.2,28.45,369.72,
2007-09-09 00:00:00+00:00,86.8,27.99,371.57,
2007-09-16 00:00:00+00:00,75.7,27.41,375.95,
2007-09-23 00:00:00+00:00,73.1,22.83,379.18,
2007-09-30 00:00:00+00:00,115.0,20.06,394.21,
2007-10-07 00:00:00+00:00,92.5,20.47,394.45,
2007-10-14 00:00:00+00:00,106.0,18.22,394.72,
2007-10-21 00:00:00+00:00,98.4,16.05,394.72,
2007-10-28 00:00:00+00:00,114.0,16.07,394.72,
2007-11-04 00:00:00+00:00,117.0,15.61,394.72,
2007-11-11 00:00:00+00:00,123.0,15.63,394.72,
2007-11-18 00:00:00+00:00,134.0,14.62,394.72,
2007-11-25 00:00:00+00:00,145.0,10.15,394.72,
2007-12-02 00:00:00+00:00,165.0,9.46,408.61,
2007-12-09 00:00:00+00:00,273.0,8.01,460.72,
2007-12-16 00:00:00+00:00,290.0,3.28,484.84,
2007-12-23 00:00:00+00:00,214.0,3.64,486.16,
2007-12-30 00:00:00+00:00,200.0,1.71,486.16,
2008-01-06 00:00:00+00:00,192.0,6.29,486.6,
2008-01-13 00:00:00+00:00,518.0,5.84,501.19,
2008-01-20 00:00:00+00:00,255.0,2.64,502.16,
2008-01-27 00:00:00+00:00,222.0,4.82,503.77,
2008-02-03 00:00:00+00:00,644.0,4.16,543.0,
2008-02-10 00:00:00+00:00,422.0,5.32,551.62,
2008-02-17 00:00:00+00:00,916.0,8.1,553.08,
2008-02-24 00:00:00+00:00,1170.0,8.03,559.56,
2008-03-02 00:00:00+00:00,1200.0,11.66,566.17,
2008-03-09 00:00:00+00:00,1050.0,8.97,566.17,
2008-03-16 00:00:00+00:00,1540.0,12.68,566.17,
2008-03-23 00:00:00+00:00,552.0,11.55,566.17,
2008-03-30 00:00:00+00:00,447.0,15.56,566.17,
2008-04-06 00:00:00+00:00,196.0,14.04,566.17,
2008-04-13 00:00:00+00:00,135.0,14.58,566.17,
2008-04-20 00:00:00+00:00,120.0,16.9,566.17,
2008-04-27 00:00:00+00:00,98.1,16.65,566.17,
2008-05-04 00:00:00+00:00,93.3,18.21,566.17,
2008-05-11 00:00:00+00:00,93.1,18.62,566.54,
2008-05-18 00:00:00+00:00,86.5,19.5,576.34,
2008-05-25 00:00:00+00:00,65.1,19.46,581.47,
2008-06-01 00:00:00+00:00,70.3,19.83,587.76,
2008-06-08 00:00:00+00:00,62.3,23.34,587.76,
2008-06-15 00:00:00+00:00,53.9,26.72,587.76,
2008-06-22 00:00:00+00:00,51.3,29.99,587.76,
2008-06-29 00:00:00+00:00,43.9,29.07,587.76,
2008-07-06 00:00:00+00:00,45.7,29.13,589.18,
2008-07-13 00:00:00+00:00,72.9,27.36,599.41,
2008-07-20 00:00:00+00:00,96.6,27.41,618.48,
2008-07-27 00:00:00+00:00,92.1,28.76,627.26,
2008-08-03 00:00:00+00:00,45.6,30.42,633.5,
2008-08-10 00:00:00+00:00,82.2,25.9,659.49,
2008-08-17 00:00:00+00:00,93.8,26.93,678.38,
2008-08-24 00:00:00+00:00,108.0,26.29,689.72,
2008-08-31 00:00:00+00:00,117.0,25.99,696.68,
2008-09-07 00:00:00+00:00,97.7,26.0,697.99,
2008-09-14 00:00:00+00:00,90.5,23.58,700.84,
2008-09-21 00:00:00+00:00,85.1,23.61,702.06,
2008-09-28 00:00:00+00:00,75.1,23.64,702.06,
2008-10-05 00:00:00+00:00,71.3,21.74,200.59,
2008-10-12 00:00:00+00:00,91.3,18.81,0.0,
2008-10-19 00:00:00+00:00,99.1,14.81,0.0,
2008-10-26 00:00:00+00:00,90.9,15.49,0.0,
2008-11-02 00:00:00+00:00,110.0,18.16,0.0,
2008-11-09 00:00:00+00:00,123.0,12.7,0.0,
2008-11-16 00:00:00+00:00,138.0,11.24,1.21,
2008-11-23 00:00:00+00:00,135.0,10.72,1.27,
2008-11-30 00:00:00+00:00,148.0,9.41,21.75,
2008-12-07 00:00:00+00:00,167.0,7.22,43.18,
2008-12-14 00:00:00+00:00,166.0,6.62,43.59,
2008-12-21 00:00:00+00:00,171.0,5.09,63.61,
2008-12-28 00:00:00+00:00,188.0,4.75,85.67,
2009-01-04 00:00:00+00:00,229.0,5.12,101.26,0.21
2009-01-11 00:00:00+00:00,208.0,4.86,123.66,0.22
2009-01-18 00:00:00+00:00,202.0,7.05,123.7,0.22
2009-01-25 00:00:00+00:00,256.0,9.83,127.07,0.22
2009-02-01 00:00:00+00:00,304.0,5.99,131.57,0.21
2009-02-08 00:00:00+00:00,220.0,8.82,132.3,0.21
2009-02-15 00:00:00+00:00,251.0,4.62,150.67,0.23
2009-02-22 00:00:00+00:00,249.0,8.16,153.15,0.24
2009-03-01 00:00:00+00:00,986.0,13.13,153.42,0.24
2009-03-08 00:00:00+00:00,436.0,12.64,153.42,0.23
2009-03-15 00:00:00+00:00,241.0,11.12,154.82,0.23
2009-03-22 00:00:00+00:00,164.0,15.02,156.72,0.23
2009-03-29 00:00:00+00:00,149.0,10.58,156.72,0.22
2009-04-05 00:00:00+00:00,105.0,12.98,156.72,0.21
2009-04-12 00:00:00+00:00,108.0,14.16,157.72,0.2
2009-04-19 00:00:00+00:00,111.0,14.0,161.29,0.19
2009-04-26 00:00:00+00:00,84.1,19.29,161.29,0.18
2009-05-03 00:00:00+00:00,90.7,19.3,161.29,0.17
2009-05-10 00:00:00+00:00,72.1,23.86,161.29,0.16
2009-05-17 00:00:00+00:00,63.3,24.85,161.29,0.15
2009-05-24 00:00:00+00:00,71.5,22.47,167.08,0.14
2009-05-31 00:00:00+00:00,128.0,20.84,181.42,0.14
2009-06-07 00:00:00+00:00,78.8,23.39,184.15,0.13
2009-06-14 00:00:00+00:00,65.8,22.51,184.15,0.13
2009-06-21 00:00:00+00:00,55.3,23.96,184.15,0.12
2009-06-28 00:00:00+00:00,56.4,27.62,184.22,0.12
2009-07-05 00:00:00+00:00,43.8,28.37,185.58,0.12
2009-07-12 00:00:00+00:00,34.7,31.13,188.21,0.11
2009-07-19 00:00:00+00:00,34.0,31.33,188.21,0.11
2009-07-26 00:00:00+00:00,43.4,27.52,206.77,0.11
2009-08-02 00:00:00+00:00,52.9,31.97,211.07,0.11
2009-08-09 00:00:00+00:00,32.3,29.96,211.07,0.11
2009-08-16 00:00:00+00:00,37.5,27.15,212.95,0.11
2009-08-23 00:00:00+00:00,40.4,28.11,214.63,0.11
2009-08-30 00:00:00+00:00,56.0,26.68,218.2,0.1
2009-09-06 00:00:00+00:00,54.3,26.09,220.27,0.1
2009-09-13 00:00:00+00:00,137.0,25.01,226.86,0.1
2009-09-20 00:00:00+00:00,99.1,23.77,227.8,0.1
2009-09-27 00:00:00+00:00,84.8,22.37,232.16,0.1
2009-10-04 00:00:00+00:00,78.4,21.31,232.16,0.1
2009-10-11 00:00:00+00:00,89.9,16.6,232.16,0.1
2009-10-18 00:00:00+00:00,96.4,19.59,232.16,0.1
2009-10-25 00:00:00+00:00,93.3,17.02,232.16,0.1
2009-11-01 00:00:00+00:00,111.0,9.72,232.16,0.1
2009-11-08 00:00:00+00:00,131.0,14.97,232.16,0.1
2009-11-15 00:00:00+00:00,134.0,13.62,232.16,0.1
2009-11-22 00:00:00+00:00,145.0,8.0,232.16,0.1
2009-11-29 00:00:00+00:00,148.0,8.71,232.43,0.1
2009-12-06 00:00:00+00:00,156.0,5.39,234.44,0.11
2009-12-13 00:00:00+00:00,185.0,5.0,259.62,0.13
2009-12-20 00:00:00+00:00,181.0,5.53,265.68,0.17
2009-12-27 00:00:00+00:00,178.0,3.65,268.21,0.19
2010-01-03 00:00:00+00:00,172.0,4.28,269.24,0.22
2010-01-10 00:00:00+00:00,168.0,4.67,269.24,0.23
2010-01-17 00:00:00+00:00,170.0,6.48,269.51,0.23
2010-01-24 00:00:00+00:00,179.0,5.97,337.37,0.24
2010-01-31 00:00:00+00:00,650.0,6.0,404.0,0.27
2010-02-07 00:00:00+00:00,652.0,8.16,407.6,0.27
2010-02-14 00:00:00+00:00,534.0,7.05,427.76,0.27
2010-02-21 00:00:00+00:00,735.0,9.19,429.68,0.26
2010-02-28 00:00:00+00:00,582.0,7.59,438.15,0.26
2010-03-07 00:00:00+00:00,813.0,9.8,455.15,0.26
2010-03-14 00:00:00+00:00,1680.0,7.92,477.05,0.26
2010-03-21 00:00:00+00:00,1760.0,12.82,478.79,0.26
2010-03-28 00:00:00+00:00,1650.0,12.23,478.79,0.25
2010-04-04 00:00:00+00:00,1070.0,13.33,479.05,0.24
2010-04-11 00:00:00+00:00,864.0,14.14,479.3,0.22
2010-04-18 00:00:00+00:00,434.0,16.08,479.3,0.21
2010-04-25 00:00:00+00:00,285.0,14.47,480.97,0.2
2010-05-02 00:00:00+00:00,179.0,15.99,483.11,0.18
2010-05-09 00:00:00+00:00,123.0,19.32,483.11,0.17
2010-05-16 00:00:00+00:00,116.0,17.92,483.11,0.16
2010-05-23 00:00:00+00:00,90.6,22.1,483.11,0.15
2010-05-30 00:00:00+00:00,82.9,19.79,483.11,0.15
2010-06-06 00:00:00+00:00,67.6,24.7,483.11,0.14
2010-06-13 00:00:00+00:00,65.3,26.06,483.11,0.13
2010-06-20 00:00:00+00:00,63.9,24.94,483.11,0.13
2010-06-27 00:00:00+00:00,61.5,26.82,483.11,0.13
2010-07-04 00:00:00+00:00,62.6,28.98,483.11,0.12
2010-07-11 00:00:00+00:00,62.6,28.76,484.16,0.12
2010-07-18 00:00:00+00:00,63.3,29.46,501.39,0.12
2010-07-25 00:00:00+00:00,95.8,28.05,544.29,0.11
2010-08-01 00:00:00+00:00,141.0,25.47,588.41,0.11
2010-08-08 00:00:00+00:00,292.0,26.41,619.1,0.11
2010-08-15 00:00:00+00:00,132.0,27.73,620.78,0.11
2010-08-22 00:00:00+00:00,97.9,28.63,620.95,0.11
2010-08-29 00:00:00+00:00,82.6,28.19,622.48,0.11
2010-09-05 00:00:00+00:00,80.7,26.33,623.82,0.11
2010-09-12 00:00:00+00:00,77.2,24.5,623.82,0.1
2010-09-19 00:00:00+00:00,71.4,25.03,623.82,0.1
2010-09-26 00:00:00+00:00,71.8,24.68,626.09,0.1
2010-10-03 00:00:00+00:00,75.1,25.26,627.38,0.1
2010-10-10 00:00:00+00:00,90.9,17.61,650.15,0.1
2010-10-17 00:00:00+00:00,156.0,18.99,660.91,0.1
2010-10-24 00:00:00+00:00,152.0,15.86,664.56,0.1
2010-10-31 00:00:00+00:00,152.0,13.42,670.81,0.1
2010-11-07 00:00:00+00:00,138.0,14.21,670.81,0.1
2010-11-14 00:00:00+00:00,144.0,8.57,670.81,0.1
2010-11-21 00:00:00+00:00,160.0,9.61,671.34,0.1
2010-11-28 00:00:00+00:00,167.0,5.34,683.01,0.1
2010-12-05 00:00:00+00:00,168.0,4.6,683.01,0.11
2010-12-12 00:00:00+00:00,189.0,7.15,683.01,0.12
2010-12-19 00:00:00+00:00,192.0,9.04,691.75,0.12
2010-12-26 00:00:00+00:00,263.0,9.02,715.63,0.15
2011-01-02 00:00:00+00:00,273.0,1.6,735.58,0.18
2011-01-09 00:00:00+00:00,224.0,2.44,743.46,0.21
2011-01-16 00:00:00+00:00,222.0,5.68,743.46,0.23
2011-01-23 00:00:00+00:00,340.0,8.07,743.46,0.23
2011-01-30 00:00:00+00:00,228.0,5.57,743.46,0.23
2011-02-06 00:00:00+00:00,207.0,3.05,743.46,0.22
2011-02-13 00:00:00+00:00,199.0,6.21,743.46,0.22
2011-02-20 00:00:00+00:00,194.0,10.0,747.56,0.22
2011-02-27 00:00:00+00:00,574.0,6.71,770.78,0.25
2011-03-06 00:00:00+00:00,474.0,8.98,780.54,0.25
2011-03-13 00:00:00+00:00,728.0,12.84,780.77,0.25
2011-03-20 00:00:00+00:00,356.0,15.56,780.8,0.25
2011-03-27 00:00:00+00:00,233.0,10.74,785.27,0.24
2011-04-03 00:00:00+00:00,169.0,17.83,785.88,0.23
2011-04-10 00:00:00+00:00,131.0,13.29,786.74,0.22
2011-04-17 00:00:00+00:00,165.0,14.83,790.19,0.22
2011-04-24 00:00:00+00:00,128.0,20.09,790.19,0.2
2011-05-01 00:00:00+00:00,110.0,17.55,440.05,0.19
2011-05-08 00:00:00+00:00,90.6,19.62,0.0,0.18
2011-05-15 00:00:00+00:00,86.3,18.99,0.0,0.17
2011-05-22 00:00:00+00:00,83.6,17.35,2.98,0.16
2011-05-29 00:00:00+00:00,80.8,23.03,6.1,0.15
2011-06-05 00:00:00+00:00,78.2,21.27,6.1,0.14
2011-06-12 00:00:00+00:00,76.2,23.35,6.1,0.14
2011-06-19 00:00:00+00:00,72.9,26.99,6.1,0.13
2011-06-26 00:00:00+00:00,71.6,29.05,6.1,0.13
2011-07-03 00:00:00+00:00,67.6,30.26,6.1,0.12
2011-07-10 00:00:00+00:00,67.6,27.3,22.41,0.12
2011-07-17 00:00:00+00:00,80.5,26.29,70.54,0.12
2011-07-24 00:00:00+00:00,68.9,29.73,72.36,0.11
2011-07-31 00:00:00+00:00,68.4,28.58,98.17,0.11
2011-08-07 00:00:00+00:00,79.7,28.04,107.85,0.11
2011-08-14 00:00:00+00:00,63.4,30.06,112.57,0.11
2011-08-21 00:00:00+00:00,66.8,28.3,132.33,0.11
2011-08-28 00:00:00+00:00,64.1,29.78,140.61,0.11
2011-09-04 00:00:00+00:00,58.9,29.16,142.75,0.11
2011-09-11 00:00:00+00:00,59.6,26.25,147.53,0.1
2011-09-18 00:00:00+00:00,119.0,21.37,164.26,0.1
2011-09-25 00:00:00+00:00,90.2,23.84,167.13,0.1
2011-10-02 00:00:00+00:00,81.1,23.15,167.13,0.1
2011-10-09 00:00:00+00:00,108.0,16.43,179.68,0.1
2011-10-16 00:00:00+00:00,102.0,18.2,188.47,0.1
2011-10-23 00:00:00+00:00,100.0,18.27,188.47,0.1
2011-10-30 00:00:00+00:00,112.0,15.5,191.76,0.1
2011-11-06 00:00:00+00:00,134.0,11.66,200.15,0.1
2011-11-13 00:00:00+00:00,183.0,7.85,228.99,0.1
2011-11-20 00:00:00+00:00,186.0,10.19,232.41,0.1
2011-11-27 00:00:00+00:00,175.0,9.34,233.58,0.1
2011-12-04 00:00:00+00:00,178.0,6.18,236.67,0.11
2011-12-11 00:00:00+00:00,202.0,2.44,244.86,0.14
2011-12-18 00:00:00+00:00,206.0,5.5,263.76,0.15
2011-12-25 00:00:00+00:00,235.0,4.9,277.86,0.16
2012-01-01 00:00:00+00:00,210.0,5.09,277.88,0.16
2012-01-08 00:00:00+00:00,230.0,6.35,277.88,0.17
2012-01-15 00:00:00+00:00,210.0,4.15,277.88,0.17
2012-01-22 00:00:00+00:00,211.0,6.3,277.88,0.17
2012-01-29 00:00:00+00:00,210.0,5.95,278.7,0.18
2012-02-05 00:00:00+00:00,201.0,6.0,278.89,0.18
2012-02-12 00:00:00+00:00,195.0,9.78,278.89,0.18
2012-02-19 00:00:00+00:00,211.0,6.7,279.64,0.19
2012-02-26 00:00:00+00:00,206.0,9.24,279.91,0.19
2012-03-04 00:00:00+00:00,183.0,8.09,283.79,0.2
2012-03-11 00:00:00+00:00,185.0,10.18,284.73,0.2
2012-03-18 00:00:00+00:00,183.0,11.94,285.76,0.2
2012-03-25 00:00:00+00:00,228.0,10.42,305.27,0.22
2012-04-01 00:00:00+00:00,150.0,16.39,305.31,0.22
2012-04-08 00:00:00+00:00,123.0,15.1,305.31,0.21
2012-04-15 00:00:00+00:00,113.0,14.88,306.19,0.2
2012-04-22 00:00:00+00:00,111.0,19.8,309.12,0.19
2012-04-29 00:00:00+00:00,110.0,20.48,310.65,0.18
2012-05-06 00:00:00+00:00,90.7,20.35,312.42,0.17
2012-05-13 00:00:00+00:00,74.3,21.28,312.42,0.16
2012-05-20 00:00:00+00:00,64.3,24.6,312.42,0.15
2012-05-27 00:00:00+00:00,59.9,23.81,312.42,0.14
2012-06-03 00:00:00+00:00,50.6,25.27,312.42,0.14
2012-06-10 00:00:00+00:00,40.1,25.17,312.42,0.13
2012-06-17 00:00:00+00:00,33.8,27.58,312.42,0.13
2012-06-24 00:00:00+00:00,29.7,29.25,312.42,0.12
2012-07-01 00:00:00+00:00,19.0,31.73,312.42,0.12
2012-07-08 00:00:00+00:00,20.1,29.89,312.42,0.12
2012-07-15 00:00:00+00:00,27.9,28.27,314.86,0.11
2012-07-22 00:00:00+00:00,83.5,28.03,335.75,0.11
2012-07-29 00:00:00+00:00,122.0,27.1,359.61,0.11
2012-08-05 00:00:00+00:00,114.0,28.07,372.97,0.11
2012-08-12 00:00:00+00:00,60.2,30.77,373.13,0.11
2012-08-19 00:00:00+00:00,49.8,27.87,378.94,0.11
2012-08-26 00:00:00+00:00,158.0,25.91,416.66,0.11
2012-09-02 00:00:00+00:00,159.0,26.84,426.56,0.11
2012-09-09 00:00:00+00:00,152.0,25.58,428.5,0.11
2012-09-16 00:00:00+00:00,121.0,22.73,433.53,0.11
2012-09-23 00:00:00+00:00,71.8,24.19,434.85,0.11
2012-09-30 00:00:00+00:00,78.2,22.69,434.85,0.11
2012-10-07 00:00:00+00:00,69.9,21.91,434.85,0.11
2012-10-14 00:00:00+00:00,90.4,17.61,439.07,0.11
2012-10-21 00:00:00+00:00,112.0,18.29,445.52,0.11
2012-10-28 00:00:00+00:00,112.0,14.74,445.52,0.11
2012-11-04 00:00:00+00:00,121.0,13.9,445.52,0.11
2012-11-11 00:00:00+00:00,136.0,12.47,446.09,0.1
2012-11-18 00:00:00+00:00,152.0,9.15,447.8,0.1
2012-11-25 00:00:00+00:00,152.0,10.36,447.8,0.1
2012-12-02 00:00:00+00:00,150.0,10.21,447.8,0.11
2012-12-09 00:00:00+00:00,164.0,9.48,447.8,0.11
2012-12-16 00:00:00+00:00,185.0,5.09,457.8,0.12
2012-12-23 00:00:00+00:00,205.0,4.41,481.25,0.14
2012-12-30 00:00:00+00:00,198.0,2.2,481.84,0.14
2013-01-06 00:00:00+00:00,195.0,1.36,481.84,0.15
2013-01-13 00:00:00+00:00,188.0,2.72,481.94,0.16
2013-01-20 00:00:00+00:00,188.0,1.98,482.09,0.16
2013-01-27 00:00:00+00:00,186.0,8.27,486.85,0.17
2013-02-03 00:00:00+00:00,446.0,6.37,512.73,0.18
2013-02-10 00:00:00+00:00,290.0,7.62,513.67,0.19
2013-02-17 00:00:00+00:00,207.0,5.27,516.25,0.2
2013-02-24 00:00:00+00:00,210.0,5.8,518.91,0.21
2013-03-03 00:00:00+00:00,178.0,7.68,520.7,0.21
2013-03-10 00:00:00+00:00,283.0,9.74,527.06,0.21
2013-03-17 00:00:00+00:00,696.0,14.52,540.51,0.22
2013-03-24 00:00:00+00:00,206.0,14.39,540.51,0.21
2013-03-31 00:00:00+00:00,120.0,15.35,540.51,0.21
2013-04-07 00:00:00+00:00,105.0,16.91,540.51,0.2
2013-04-14 00:00:00+00:00,102.0,14.91,543.89,0.19
2013-04-21 00:00:00+00:00,98.1,15.3,544.58,0.18
2013-04-28 00:00:00+00:00,91.7,18.8,544.58,0.17
2013-05-05 00:00:00+00:00,84.5,21.55,544.58,0.16
2013-05-12 00:00:00+00:00,79.8,19.18,544.58,0.15
2013-05-19 00:00:00+00:00,66.2,23.29,544.58,0.15
2013-05-26 00:00:00+00:00,50.7,22.91,544.58,0.14
2013-06-02 00:00:00+00:00,55.7,24.8,544.58,0.13
2013-06-09 00:00:00+00:00,45.1,28.37,544.58,0.13
2013-06-16 00:00:00+00:00,26.2,29.07,544.58,0.12
2013-06-23 00:00:00+00:00,24.8,26.45,544.58,0.12
2013-06-30 00:00:00+00:00,25.3,29.68,544.58,0.12
2013-07-07 00:00:00+00:00,30.9,29.99,544.74,0.11
2013-07-14 00:00:00+00:00,47.1,29.2,560.13,0.11
2013-07-21 00:00:00+00:00,122.0,26.78,606.63,0.11
2013-07-28 00:00:00+00:00,120.0,26.77,613.74,0.11
2013-08-04 00:00:00+00:00,109.0,29.0,614.43,0.11
2013-08-11 00:00:00+00:00,65.2,26.09,616.07,0.11
2013-08-18 00:00:00+00:00,38.6,28.33,619.1,0.11
2013-08-25 00:00:00+00:00,57.7,25.75,638.29,0.11
2013-09-01 00:00:00+00:00,148.0,24.96,698.96,0.1
2013-09-08 00:00:00+00:00,199.0,26.6,736.42,0.1
2013-09-15 00:00:00+00:00,338.0,21.89,795.87,0.11
2013-09-22 00:00:00+00:00,170.0,23.78,800.35,0.11
2013-09-29 00:00:00+00:00,125.0,18.9,800.35,0.11
2013-10-06 00:00:00+00:00,126.0,17.42,800.35,0.1
2013-10-13 00:00:00+00:00,127.0,14.44,800.84,0.1
2013-10-20 00:00:00+00:00,140.0,12.91,801.37,0.1
2013-10-27 00:00:00+00:00,140.0,15.04,801.37,0.1
2013-11-03 00:00:00+00:00,148.0,12.97,801.37,0.1
2013-11-10 00:00:00+00:00,165.0,10.57,801.37,0.1
2013-11-17 00:00:00+00:00,161.0,13.32,802.86,0.1
2013-11-24 00:00:00+00:00,185.0,9.79,823.6,0.1
2013-12-01 00:00:00+00:00,224.0,6.96,865.12,0.11
2013-12-08 00:00:00+00:00,222.0,4.59,866.57,0.12
2013-12-15 00:00:00+00:00,215.0,2.63,868.17,0.14
2013-12-22 00:00:00+00:00,215.0,5.91,874.4,0.15
2013-12-29 00:00:00+00:00,225.0,4.49,885.44,0.15
2014-01-05 00:00:00+00:00,222.0,4.3,885.44,0.16
2014-01-12 00:00:00+00:00,215.0,4.67,279.34,0.16
2014-01-19 00:00:00+00:00,212.0,6.22,0.0,0.17
2014-01-26 00:00:00+00:00,216.0,7.36,0.0,0.17
2014-02-02 00:00:00+00:00,220.0,8.42,0.0,0.17
2014-02-09 00:00:00+00:00,221.0,6.51,0.38,0.18
2014-02-16 00:00:00+00:00,205.0,11.38,1.02,0.18
2014-02-23 00:00:00+00:00,181.0,11.15,1.02,0.18
2014-03-02 00:00:00+00:00,190.0,12.04,4.68,0.19
2014-03-09 00:00:00+00:00,250.0,12.67,22.61,0.2
2014-03-16 00:00:00+00:00,157.0,13.54,22.61,0.2
2014-03-23 00:00:00+00:00,146.0,13.38,22.61,0.2
2014-03-30 00:00:00+00:00,117.0,15.33,22.61,0.2
2014-04-06 00:00:00+00:00,104.0,12.2,22.61,0.19
2014-04-13 00:00:00+00:00,102.0,18.52,22.61,0.18
2014-04-20 00:00:00+00:00,102.0,16.72,22.61,0.17
2014-04-27 00:00:00+00:00,85.6,18.08,23.83,0.16
2014-05-04 00:00:00+00:00,85.1,18.75,29.21,0.16
2014-05-11 00:00:00+00:00,70.6,18.69,29.21,0.15
2014-05-18 00:00:00+00:00,60.5,20.82,29.21,0.14
2014-05-25 00:00:00+00:00,56.8,20.68,29.25,0.14
2014-06-01 00:00:00+00:00,50.8,26.17,29.46,0.13
2014-06-08 00:00:00+00:00,44.6,25.81,29.46,0.13
2014-06-15 00:00:00+00:00,36.5,27.0,29.46,0.12
2014-06-22 00:00:00+00:00,35.6,26.47,29.46,0.12
2014-06-29 00:00:00+00:00,30.0,28.23,29.46,0.12
2014-07-06 00:00:00+00:00,28.1,28.89,33.21,0.11
2014-07-13 00:00:00+00:00,58.9,27.5,40.02,0.11
2014-07-20 00:00:00+00:00,67.7,27.53,58.23,0.11
2014-07-27 00:00:00+00:00,56.5,29.23,68.68,0.11
2014-08-03 00:00:00+00:00,73.0,27.07,112.33,0.11
2014-08-10 00:00:00+00:00,64.1,26.69,124.46,0.11
2014-08-17 00:00:00+00:00,70.8,26.1,140.85,0.11
2014-08-24 00:00:00+00:00,134.0,23.6,180.25,0.11
2014-08-31 00:00:00+00:00,216.0,24.17,202.02,0.1
2014-09-07 00:00:00+00:00,111.0,25.39,207.77,0.1
2014-09-14 00:00:00+00:00,128.0,24.0,224.83,0.11
2014-09-21 00:00:00+00:00,133.0,24.3,231.71,0.11
2014-09-28 00:00:00+00:00,99.7,23.83,236.1,0.12
2014-10-05 00:00:00+00:00,119.0,18.46,243.08,0.11
2014-10-12 00:00:00+00:00,109.0,19.59,244.88,0.11
2014-10-19 00:00:00+00:00,116.0,17.71,246.69,0.11
2014-10-26 00:00:00+00:00,119.0,17.92,247.9,0.11
2014-11-02 00:00:00+00:00,115.0,17.04,247.96,0.11
2014-11-09 00:00:00+00:00,130.0,11.9,248.41,0.11
2014-11-16 00:00:00+00:00,129.0,12.55,248.41,0.11
2014-11-23 00:00:00+00:00,151.0,6.4,248.41,0.11
2014-11-30 00:00:00+00:00,171.0,7.44,248.41,0.11
2014-12-07 00:00:00+00:00,176.0,9.04,264.45,0.11
2014-12-14 00:00:00+00:00,202.0,9.84,281.44,0.12
2014-12-21 00:00:00+00:00,219.0,5.97,289.3,0.13
2014-12-28 00:00:00+00:00,209.0,4.42,290.32,0.14
2015-01-04 00:00:00+00:00,207.0,-0.42,300.11,0.15
2015-01-11 00:00:00+00:00,209.0,6.17,143.85,0.18
2015-01-18 00:00:00+00:00,235.0,7.07,7.85,0.18
2015-01-25 00:00:00+00:00,234.0,6.16,9.7,0.19
2015-02-01 00:00:00+00:00,217.0,10.39,15.77,0.19
2015-02-08 00:00:00+00:00,273.0,10.52,26.16,0.19
2015-02-15 00:00:00+00:00,214.0,12.55,26.16,0.2
2015-02-22 00:00:00+00:00,190.0,11.62,26.16,0.2
2015-03-01 00:00:00+00:00,199.0,9.76,33.61,0.2
2015-03-08 00:00:00+00:00,1070.0,9.54,59.15,0.21
2015-03-15 00:00:00+00:00,407.0,14.52,60.2,0.21
2015-03-22 00:00:00+00:00,196.0,15.63,60.45,0.21
2015-03-29 00:00:00+00:00,118.0,16.53,60.71,0.21
2015-04-05 00:00:00+00:00,94.9,17.22,60.71,0.2
2015-04-12 00:00:00+00:00,86.7,14.37,60.71,0.19
2015-04-19 00:00:00+00:00,87.1,16.06,60.71,0.18
2015-04-26 00:00:00+00:00,89.0,15.96,61.33,0.17
2015-05-03 00:00:00+00:00,88.1,20.5,66.14,0.16
2015-05-10 00:00:00+00:00,92.4,15.89,75.32,0.15
2015-05-17 00:00:00+00:00,102.0,17.06,84.51,0.15
2015-05-24 00:00:00+00:00,118.0,17.81,100.33,0.14
2015-05-31 00:00:00+00:00,80.1,22.48,100.55,0.14
2015-06-07 00:00:00+00:00,66.9,22.91,105.21,0.13
2015-06-14 00:00:00+00:00,78.9,25.77,119.23,0.13
2015-06-21 00:00:00+00:00,50.1,29.36,119.63,0.12
2015-06-28 00:00:00+00:00,40.2,30.83,119.63,0.12
2015-07-05 00:00:00+00:00,42.0,29.65,120.58,0.12
2015-07-12 00:00:00+00:00,70.8,26.07,127.95,0.11
2015-07-19 00:00:00+00:00,63.0,27.83,130.85,0.11
2015-07-26 00:00:00+00:00,90.2,27.92,150.55,0.11
2015-08-02 00:00:00+00:00,63.3,28.75,150.62,0.11
2015-08-09 00:00:00+00:00,52.8,28.28,151.47,0.11
2015-08-16 00:00:00+00:00,53.7,27.94,155.8,0.11
2015-08-23 00:00:00+00:00,55.2,29.93,165.61,0.11
2015-08-30 00:00:00+00:00,60.3,26.26,185.36,0.1
2015-09-06 00:00:00+00:00,112.0,25.25,204.02,0.1
2015-09-13 00:00:00+00:00,109.0,26.11,205.7,0.1
2015-09-20 00:00:00+00:00,91.3,24.8,206.16,0.1
2015-09-27 00:00:00+00:00,87.2,23.69,220.43,0.1
2015-10-04 00:00:00+00:00,73.6,23.08,225.83,0.1
2015-10-11 00:00:00+00:00,110.0,19.36,233.78,0.11
2015-10-18 00:00:00+00:00,105.0,21.85,235.23,0.11
2015-10-25 00:00:00+00:00,138.0,15.93,263.6,0.12
2015-11-01 00:00:00+00:00,145.0,14.77,273.03,0.12
2015-11-08 00:00:00+00:00,159.0,11.02,281.04,0.12
2015-11-15 00:00:00+00:00,178.0,8.14,283.98,0.12
2015-11-22 00:00:00+00:00,188.0,8.18,295.38,0.12
2015-11-29 00:00:00+00:00,188.0,7.02,295.91,0.12
2015-12-06 00:00:00+00:00,188.0,3.87,295.91,0.12
2015-12-13 00:00:00+00:00,186.0,7.03,297.39,0.13
2015-12-20 00:00:00+00:00,192.0,2.55,306.17,0.15
2015-12-27 00:00:00+00:00,188.0,5.0,306.58,0.17
2016-01-03 00:00:00+00:00,195.0,1.94,306.58,0.18
2016-01-10 00:00:00+00:00,196.0,5.59,153.22,0.19
2016-01-17 00:00:00+00:00,252.0,2.88,14.43,0.21
2016-01-24 00:00:00+00:00,238.0,6.52,15.67,0.21
2016-01-31 00:00:00+00:00,260.0,6.54,15.75,0.21
2016-02-07 00:00:00+00:00,268.0,3.5,22.61,0.22
2016-02-14 00:00:00+00:00,253.0,10.15,22.86,0.22
2016-02-21 00:00:00+00:00,799.0,12.79,22.86,0.22
2016-02-28 00:00:00+00:00,216.0,12.05,22.86,0.22
2016-03-06 00:00:00+00:00,167.0,14.7,22.86,0.22
2016-03-13 00:00:00+00:00,148.0,12.22,22.86,0.22
2016-03-20 00:00:00+00:00,146.0,14.83,22.86,0.22
2016-03-27 00:00:00+00:00,146.0,15.25,22.86,0.21
2016-04-03 00:00:00+00:00,103.0,12.97,22.86,0.21
2016-04-10 00:00:00+00:00,83.6,17.39,25.98,0.2
2016-04-17 00:00:00+00:00,105.0,15.62,33.52,0.19
2016-04-24 00:00:00+00:00,81.8,18.6,33.53,0.18
2016-05-01 00:00:00+00:00,86.1,14.74,34.25,0.17
2016-05-08 00:00:00+00:00,95.0,17.77,40.57,0.16
2016-05-15 00:00:00+00:00,68.4,21.68,42.93,0.16
2016-05-22 00:00:00+00:00,64.3,20.82,48.19,0.15
2016-05-29 00:00:00+00:00,73.2,20.38,50.29,0.15
2016-06-05 00:00:00+00:00,46.8,26.66,50.29,0.14
2016-06-12 00:00:00+00:00,45.0,28.08,50.6,0.13
2016-06-19 00:00:00+00:00,44.1,26.28,51.56,0.13
2016-06-26 00:00:00+00:00,37.9,32.76,51.56,0.12
2016-07-03 00:00:00+00:00,39.1,26.87,59.4,0.12
2016-07-10 00:00:00+00:00,48.4,29.87,80.52,0.12
2016-07-17 00:00:00+00:00,31.0,30.1,80.52,0.12
2016-07-24 00:00:00+00:00,29.0,28.58,81.43,0.11
2016-07-31 00:00:00+00:00,54.1,29.88,83.58,0.11
2016-08-07 00:00:00+00:00,151.0,25.73,97.35,0.11
2016-08-14 00:00:00+00:00,115.0,28.0,99.7,0.11
2016-08-21 00:00:00+00:00,88.1,26.35,103.64,0.11
2016-08-28 00:00:00+00:00,109.0,21.7,127.73,0.11
2016-09-04 00:00:00+00:00,149.0,24.85,157.89,0.11
2016-09-11 00:00:00+00:00,92.8,24.62,169.42,0.1
2016-09-18 00:00:00+00:00,72.7,22.93,169.42,0.1
2016-09-25 00:00:00+00:00,78.0,20.93,174.31,0.1
2016-10-02 00:00:00+00:00,122.0,20.4,180.5,0.1
2016-10-09 00:00:00+00:00,110.0,17.18,184.0,0.1
2016-10-16 00:00:00+00:00,93.7,19.07,184.66,0.1
2016-10-23 00:00:00+00:00,94.9,18.91,184.66,0.1
2016-10-30 00:00:00+00:00,110.0,19.46,184.93,0.1
2016-11-06 00:00:00+00:00,117.0,16.09,188.94,0.1
2016-11-13 00:00:00+00:00,127.0,14.17,194.31,0.1
2016-11-20 00:00:00+00:00,130.0,11.38,194.32,0.1
2016-11-27 00:00:00+00:00,161.0,8.75,219.08,0.1
2016-12-04 00:00:00+00:00,168.0,3.65,222.84,0.11
2016-12-11 00:00:00+00:00,174.0,6.28,223.01,0.12
2016-12-18 00:00:00+00:00,177.0,8.63,225.25,0.12
2016-12-25 00:00:00+00:00,259.0,7.1,248.68,0.14
2017-01-01 00:00:00+00:00,521.0,5.21,287.25,0.17
2017-01-08 00:00:00+00:00,993.0,6.46,316.34,0.18
2017-01-15 00:00:00+00:00,622.0,8.16,46.81,0.18
2017-01-22 00:00:00+00:00,516.0,6.2,24.3,0.19
2017-01-29 00:00:00+00:00,419.0,3.55,44.83,0.22
2017-02-05 00:00:00+00:00,389.0,7.35,45.47,0.24
2017-02-12 00:00:00+00:00,1550.0,12.7,45.47,0.24
2017-02-19 00:00:00+00:00,672.0,10.82,48.22,0.24
2017-02-26 00:00:00+00:00,498.0,9.52,61.2,0.24
2017-03-05 00:00:00+00:00,419.0,9.48,84.32,0.24
2017-03-12 00:00:00+00:00,1210.0,13.69,89.92,0.24
2017-03-19 00:00:00+00:00,314.0,17.05,89.92,0.24
2017-03-26 00:00:00+00:00,230.0,13.81,94.95,0.23
2017-04-02 00:00:00+00:00,209.0,12.62,100.08,0.22
2017-04-09 00:00:00+00:00,158.0,14.35,100.49,0.21
2017-04-16 00:00:00+00:00,116.0,16.29,100.58,0.2
2017-04-23 00:00:00+00:00,91.7,18.98,100.58,0.19
2017-04-30 00:00:00+00:00,87.6,17.86,100.58,0.18
2017-05-07 00:00:00+00:00,79.1,21.85,100.58,0.17
2017-05-14 00:00:00+00:00,90.8,17.97,105.63,0.16
2017-05-21 00:00:00+00:00,83.2,18.11,107.19,0.15
2017-05-28 00:00:00+00:00,68.6,24.27,107.19,0.14
2017-06-04 00:00:00+00:00,53.3,25.92,107.19,0.14
2017-06-11 00:00:00+00:00,44.0,27.03,107.19,0.13
2017-06-18 00:00:00+00:00,48.2,25.68,107.19,0.13
2017-06-25 00:00:00+00:00,44.3,32.71,107.19,0.12
2017-07-02 00:00:00+00:00,42.2,28.55,111.25,0.12
2017-07-09 00:00:00+00:00,40.4,31.31,111.25,0.12
2017-07-16 00:00:00+00:00,49.9,28.05,122.74,0.11
2017-07-23 00:00:00+00:00,78.2,27.34,129.44,0.11
2017-07-30 00:00:00+00:00,198.0,24.94,164.55,0.11
2017-08-06 00:00:00+00:00,189.0,26.58,185.53,0.11
2017-08-13 00:00:00+00:00,135.0,26.83,206.98,0.11
2017-08-20 00:00:00+00:00,120.0,25.04,228.85,0.11
2017-08-27 00:00:00+00:00,114.0,27.05,229.65,0.11
2017-09-03 00:00:00+00:00,85.8,28.19,230.38,0.1
2017-09-10 00:00:00+00:00,85.2,26.67,236.36,0.1
2017-09-17 00:00:00+00:00,97.9,24.28,239.49,0.1
2017-09-24 00:00:00+00:00,83.5,20.45,240.03,0.1
2017-10-01 00:00:00+00:00,87.8,18.58,240.03,0.1
2017-10-08 00:00:00+00:00,84.8,19.4,240.03,0.1
2017-10-15 00:00:00+00:00,91.6,17.59,240.03,0.1
2017-10-22 00:00:00+00:00,99.1,18.45,240.03,0.1
2017-10-29 00:00:00+00:00,109.0,17.32,240.03,0.1
2017-11-05 00:00:00+00:00,120.0,15.26,240.03,0.1
2017-11-12 00:00:00+00:00,136.0,14.39,240.03,0.1
2017-11-19 00:00:00+00:00,143.0,11.87,240.03,0.1
2017-11-26 00:00:00+00:00,154.0,11.36,240.03,0.1
2017-12-03 00:00:00+00:00,162.0,11.36,240.03,0.11
2017-12-10 00:00:00+00:00,173.0,7.19,240.03,0.11
2017-12-17 00:00:00+00:00,181.0,5.2,240.03,0.12
2017-12-24 00:00:00+00:00,181.0,4.18,240.03,0.13
2017-12-31 00:00:00+00:00,185.0,5.6,240.03,0.14
2018-01-07 00:00:00+00:00,193.0,7.75,0.0,0.14
2018-01-14 00:00:00+00:00,191.0,8.15,8.15,0.15
2018-01-21 00:00:00+00:00,190.0,7.37,12.17,0.15
2018-01-28 00:00:00+00:00,188.0,4.96,13.72,0.16
2018-02-04 00:00:00+00:00,166.0,9.86,13.72,0.17
2018-02-11 00:00:00+00:00,158.0,11.01,13.72,0.17
2018-02-18 00:00:00+00:00,161.0,9.56,16.57,0.18
2018-02-25 00:00:00+00:00,167.0,4.82,19.85,0.18
2018-03-04 00:00:00+00:00,173.0,7.49,27.45,0.19
2018-03-11 00:00:00+00:00,179.0,10.7,31.57,0.2
2018-03-18 00:00:00+00:00,173.0,13.23,34.91,0.2
2018-03-25 00:00:00+00:00,155.0,14.08,36.96,0.2
2018-04-01 00:00:00+00:00,131.0,14.65,38.1,0.2
2018-04-08 00:00:00+00:00,89.3,20.06,38.1,0.19
2018-04-15 00:00:00+00:00,81.3,18.21,38.1,0.18
2018-04-22 00:00:00+00:00,83.5,16.67,38.1,0.17
2018-04-29 00:00:00+00:00,64.9,23.17,38.1,0.16
2018-05-06 00:00:00+00:00,72.0,17.58,44.02,0.15
2018-05-13 00:00:00+00:00,63.7,24.92,48.01,0.15
2018-05-20 00:00:00+00:00,54.4,22.21,48.01,0.14
2018-05-27 00:00:00+00:00,52.0,22.74,48.01,0.13
2018-06-03 00:00:00+00:00,47.4,25.77,48.01,0.13
2018-06-10 00:00:00+00:00,42.3,26.94,48.01,0.13
2018-06-17 00:00:00+00:00,37.1,27.14,48.59,0.12
2018-06-24 00:00:00+00:00,41.1,28.76,51.56,0.12
2018-07-01 00:00:00+00:00,36.9,29.58,51.56,0.12
2018-07-08 00:00:00+00:00,36.6,30.04,51.56,0.11
2018-07-15 00:00:00+00:00,35.9,26.0,56.01,0.11
2018-07-22 00:00:00+00:00,159.0,28.13,65.11,0.11
2018-07-29 00:00:00+00:00,94.2,30.27,76.58,0.11
2018-08-05 00:00:00+00:00,111.0,29.79,94.61,0.11
2018-08-12 00:00:00+00:00,83.2,29.86,95.56,0.11
2018-08-19 00:00:00+00:00,112.0,26.19,103.34,0.11
2018-08-26 00:00:00+00:00,145.0,25.1,130.94,0.1
2018-09-02 00:00:00+00:00,137.0,25.97,140.16,0.1
2018-09-09 00:00:00+00:00,189.0,24.29,165.07,0.1
2018-09-16 00:00:00+00:00,145.0,25.7,165.1,0.1
2018-09-23 00:00:00+00:00,127.0,25.4,165.85,0.1
2018-09-30 00:00:00+00:00,137.0,24.64,166.37,0.1
2018-10-07 00:00:00+00:00,173.0,19.29,210.02,0.1
2018-10-14 00:00:00+00:00,213.0,14.74,262.6,0.12
2018-10-21 00:00:00+00:00,167.0,14.05,282.91,0.12
2018-10-28 00:00:00+00:00,158.0,16.27,283.97,0.13
2018-11-04 00:00:00+00:00,153.0,13.78,283.97,0.13
2018-11-11 00:00:00+00:00,151.0,11.69,283.97,0.13
2018-11-18 00:00:00+00:00,156.0,6.09,283.97,0.13
2018-11-25 00:00:00+00:00,157.0,7.68,283.97,0.12
2018-12-02 00:00:00+00:00,164.0,7.56,286.36,0.12
2018-12-09 00:00:00+00:00,173.0,5.81,291.66,0.13
2018-12-16 00:00:00+00:00,173.0,5.73,293.37,0.13
2018-12-23 00:00:00+00:00,170.0,6.18,293.37,0.14
2018-12-30 00:00:00+00:00,177.0,2.92,293.37,0.15
2019-01-06 00:00:00+00:00,181.0,0.37,45.36,0.16
2019-01-13 00:00:00+00:00,179.0,6.33,17.43,0.17
2019-01-20 00:00:00+00:00,185.0,8.12,30.24,0.18
2019-01-27 00:00:00+00:00,212.0,5.77,34.29,0.19
2019-02-03 00:00:00+00:00,180.0,10.3,34.85,0.19
2019-02-10 00:00:00+00:00,380.0,5.51,43.25,0.2
2019-02-17 00:00:00+00:00,198.0,7.35,54.56,0.21
2019-02-24 00:00:00+00:00,448.0,1.89,86.02,0.23
2019-03-03 00:00:00+00:00,419.0,10.19,102.87,0.26
2019-03-10 00:00:00+00:00,1910.0,11.55,102.87,0.25
2019-03-17 00:00:00+00:00,1180.0,9.85,117.49,0.25
2019-03-24 00:00:00+00:00,700.0,12.95,123.57,0.25
2019-03-31 00:00:00+00:00,259.0,14.71,124.21,0.24
2019-04-07 00:00:00+00:00,162.0,15.17,124.21,0.23
2019-04-14 00:00:00+00:00,128.0,15.36,124.21,0.22
2019-04-21 00:00:00+00:00,98.8,18.31,124.21,0.2
2019-04-28 00:00:00+00:00,81.3,20.47,124.21,0.19
2019-05-05 00:00:00+00:00,80.4,18.96,126.07,0.18
2019-05-12 00:00:00+00:00,84.5,16.43,132.91,0.17
2019-05-19 00:00:00+00:00,94.3,20.56,136.4,0.16
2019-05-26 00:00:00+00:00,100.0,14.27,142.73,0.15
2019-06-02 00:00:00+00:00,86.0,19.67,143.99,0.15
2019-06-09 00:00:00+00:00,73.4,24.44,144.02,0.14
2019-06-16 00:00:00+00:00,58.8,27.57,144.02,0.13
2019-06-23 00:00:00+00:00,54.7,26.17,144.02,0.13
2019-06-30 00:00:00+00:00,47.2,26.9,144.02,0.12
2019-07-07 00:00:00+00:00,45.5,28.27,144.02,0.12
2019-07-14 00:00:00+00:00,44.3,28.76,144.09,0.12
2019-07-21 00:00:00+00:00,43.9,30.93,144.27,0.12
2019-07-28 00:00:00+00:00,44.1,30.66,147.89,0.11
2019-08-04 00:00:00+00:00,44.3,28.36,164.38,0.11
2019-08-11 00:00:00+00:00,72.3,28.91,175.44,0.11
2019-08-18 00:00:00+00:00,48.1,29.64,175.77,0.11
2019-08-25 00:00:00+00:00,29.6,29.56,175.84,0.11
2019-09-01 00:00:00+00:00,35.7,29.45,177.68,0.11
2019-09-08 00:00:00+00:00,59.0,27.92,180.86,0.1
2019-09-15 00:00:00+00:00,48.6,25.64,182.15,0.1
2019-09-22 00:00:00+00:00,51.2,23.15,182.57,0.1
2019-09-29 00:00:00+00:00,60.9,20.23,205.22,0.11
2019-10-06 00:00:00+00:00,72.7,19.07,218.69,0.12
2019-10-13 00:00:00+00:00,80.7,17.51,218.69,0.11
2019-10-20 00:00:00+00:00,73.9,17.58,218.69,0.11
2019-10-27 00:00:00+00:00,81.2,14.56,218.69,0.11
2019-11-03 00:00:00+00:00,97.1,9.46,218.69,0.11
2019-11-10 00:00:00+00:00,124.0,13.08,219.89,0.11
2019-11-17 00:00:00+00:00,130.0,12.69,220.73,0.11
2019-11-24 00:00:00+00:00,147.0,9.46,242.27,0.11
2019-12-01 00:00:00+00:00,180.0,6.55,272.94,0.13
2019-12-08 00:00:00+00:00,445.0,8.35,303.06,0.16
2019-12-15 00:00:00+00:00,343.0,8.12,313.15,0.17
2019-12-22 00:00:00+00:00,230.0,3.83,313.18,0.17
2019-12-29 00:00:00+00:00,228.0,4.62,348.58,0.18
2020-01-05 00:00:00+00:00,256.0,3.5,104.72,0.2
2020-01-12 00:00:00+00:00,259.0,4.31,0.71,0.21
2020-01-19 00:00:00+00:00,222.0,5.52,1.78,0.2
2020-01-26 00:00:00+00:00,233.0,8.27,2.16,0.2
2020-02-02 00:00:00+00:00,296.0,8.08,2.29,0.2
2020-02-09 00:00:00+00:00,232.0,6.25,2.29,0.2
2020-02-16 00:00:00+00:00,223.0,7.21,18.33,0.2
2020-02-23 00:00:00+00:00,220.0,10.93,25.24,0.21
2020-03-01 00:00:00+00:00,300.0,8.81,44.18,0.21
2020-03-08 00:00:00+00:00,225.0,12.11,46.43,0.21
2020-03-15 00:00:00+00:00,225.0,11.91,78.75,0.22
2020-03-22 00:00:00+00:00,1120.0,10.83,114.75,0.23
2020-03-29 00:00:00+00:00,574.0,11.53,121.42,0.23
2020-04-05 00:00:00+00:00,217.0,14.61,121.67,0.22
2020-04-12 00:00:00+00:00,166.0,13.07,121.94,0.21
2020-04-19 00:00:00+00:00,182.0,14.05,137.21,0.2
2020-04-26 00:00:00+00:00,136.0,18.94,138.94,0.19
2020-05-03 00:00:00+00:00,96.9,22.83,138.94,0.18
2020-05-10 00:00:00+00:00,79.7,23.43,138.94,0.16
2020-05-17 00:00:00+00:00,76.6,21.87,139.18,0.16
2020-05-24 00:00:00+00:00,68.9,20.82,139.19,0.15
2020-05-31 00:00:00+00:00,47.9,26.98,139.19,0.14
2020-06-07 00:00:00+00:00,49.7,27.73,139.19,0.13
2020-06-14 00:00:00+00:00,47.3,24.58,139.19,0.13
2020-06-21 00:00:00+00:00,45.4,26.32,139.19,0.13
2020-06-28 00:00:00+00:00,32.4,29.09,139.19,0.12
2020-07-05 00:00:00+00:00,32.6,27.76,139.19,0.12
2020-07-12 00:00:00+00:00,35.2,30.61,139.19,0.12
2020-07-19 00:00:00+00:00,35.1,29.97,140.52,0.11
2020-07-26 00:00:00+00:00,39.6,28.58,148.69,0.11
2020-08-02 00:00:00+00:00,51.0,31.16,158.72,0.11
2020-08-09 00:00:00+00:00,35.5,29.5,163.32,0.11
2020-08-16 00:00:00+00:00,33.2,30.76,163.32,0.11
2020-08-23 00:00:00+00:00,29.7,30.22,165.34,0.11
2020-08-30 00:00:00+00:00,46.3,28.19,173.37,0.1
2020-09-06 00:00:00+00:00,46.9,28.79,177.29,0.1
2020-09-13 00:00:00+00:00,37.5,22.94,177.29,0.1
2020-09-20 00:00:00+00:00,54.6,24.89,177.29,0.1
2020-09-27 00:00:00+00:00,58.1,24.32,183.16,0.1
2020-10-04 00:00:00+00:00,55.5,22.89,184.4,0.1
2020-10-11 00:00:00+00:00,63.9,20.78,184.4,0.1
2020-10-18 00:00:00+00:00,70.9,20.33,184.4,0.1
2020-10-25 00:00:00+00:00,75.8,18.82,184.4,0.1
2020-11-01 00:00:00+00:00,96.9,12.39,184.4,0.1
2020-11-08 00:00:00+00:00,120.0,16.88,184.52,0.1
2020-11-15 00:00:00+00:00,154.0,7.18,196.72,0.1
2020-11-22 00:00:00+00:00,152.0,13.57,197.1,0.1
2020-11-29 00:00:00+00:00,153.0,8.47,197.1,
2020-12-06 00:00:00+00:00,168.0,5.29,197.1,
