{
  "@type": "Dataset",
  "identifier": "10.1038/s41597-020-0562-z",
  "title": "Metadata record for: A global dataset of surface water and groundwater salinity measurements from 1980-2019",
  "relatedPublications": [],
  "repositories": [
    {
      "name": "PANGAEA",
      "value": "https://doi.org/10.1594/PANGAEA.913939 ",
      "@type": "DataCatalog"
    }
  ],
  "assays": [
    {
      "measurementType": {
        "annotationValue": "electrical conductivity",
        "termAccession": "http://purl.obolibrary.org/obo/PATO_0001757",
        "termSource": "ENVO",
        "@type": "PropertyValue"
      },
      "technologyType": {
        "annotationValue": "water monitoring station",
        "@type": "PropertyValue"
      },
      "@type": "variableMeasured"
    },
    {
      "measurementType": {
        "annotationValue": "electrical conductivity",
        "termAccession": "http://purl.obolibrary.org/obo/PATO_0001757",
        "termSource": "PATO",
        "@type": "PropertyValue"
      },
      "technologyType": {
        "annotationValue": "water quality sampling",
        "@type": "PropertyValue"
      },
      "@type": "variableMeasured"
    }
  ],
  "factors": [
    {
      "name": "date",
      "type": {
        "annotationValue": "temporal_interval",
        "termAccession": "http://www.ifomis.org/bfo/1.1/span#TemporalInterval",
        "termSource": "NPO",
        "@type": "PropertyValue"
      },
      "@type": "variableMeasured"
    },
    {
      "name": "geographic location",
      "type": {
        "annotationValue": "geographic location",
        "termAccession": "http://purl.obolibrary.org/obo/GAZ_00000448",
        "termSource": "OBI",
        "@type": "PropertyValue"
      },
      "@type": "variableMeasured"
    }
  ],
  "studyCharacteristics": {
    "organism": [],
    "environmentType": [
      {
        "annotationValue": "surface water",
        "termAccession": "http://purl.obolibrary.org/obo/ENVO_00002042",
        "termSource": "ENVO",
        "@type": "PropertyValue"
      },
      {
        "annotationValue": "groundwater",
        "termAccession": "http://purl.obolibrary.org/obo/ENVO_01001004",
        "termSource": "ENVO",
        "@type": "PropertyValue"
      }
    ],
    "geographicalLocation": [
      {
        "annotationValue": "global",
        "@type": "Place"
      }
    ],
    "@type": "variableMeasured"
  },
  "ontologySourceReferences": {
    "NPO": {
      "name": "NPO",
      "description": "NanoParticle Ontology",
      "file": "http://data.bioontology.org/ontologies/NPO",
      "version": "2011-12-08 (yyyy-mm-dd)",
      "@type": "DefinedTermSet"
    },
    "OBI": {
      "name": "OBI",
      "description": "Ontology for Biomedical Investigations",
      "file": "http://data.bioontology.org/ontologies/OBI",
      "version": "2018-08-27",
      "@type": "DefinedTermSet"
    },
    "ENVO": {
      "name": "ENVO",
      "description": "Environment Ontology",
      "file": "http://data.bioontology.org/ontologies/ENVO",
      "version": null,
      "@type": "DefinedTermSet"
    },
    "PATO": {
      "name": "PATO",
      "description": "Phenotypic Quality Ontology",
      "file": "http://data.bioontology.org/ontologies/PATO",
      "version": "unknown",
      "@type": "DefinedTermSet"
    },
    "@type": "CategoryCodeSet"
  },
  "comments": [
    {
      "name": "Created With Configuration",
      "value": "1.0",
      "@type": "SoftwareApplication"
    },
    {
      "name": "Data Descriptor License",
      "value": "CC-BY-4.0",
      "@type": "CreativeWork"
    }
  ]
}